Question ID,Domain,Subdomain,Language,Question,Dataset Answer,[MODEL] Answer,Manual Verdict,Error Type
ECO001,Economy,Currency & Banking,English,What is the official currency of Nepal?,Nepalese Rupee,Nepalese rupee (NPR),,
ECO001,Economy,Currency & Banking,Nepali,नेपालको आधिकारिक मुद्रा के हो?,नेपाली रुपैयाँ,नेपालको आधिकारिक मुद्रा नेपालको रुपैया हो ।,,
ECO002,Economy,Currency & Banking,English,What is the ISO 4217 currency code for the Nepalese Rupee?,NPR,NPR,,
ECO002,Economy,Currency & Banking,Nepali,नेपाली रुपैयाँको ISO 4217 मुद्रा कोड के हो?,NPR,NPR,,
ECO007,Economy,Currency & Banking,English,In which year was Nepal Bank Limited established?,1937 (1994 BS),1983,,
ECO007,Economy,Currency & Banking,Nepali,नेपाल बैंक लिमिटेड कुन सालमा स्थापना भएको थियो?,सन् १९३७ (वि.सं. १९९४),सन् १९५९,,
ECO008,Economy,Currency & Banking,English,Which act currently governs the establishment and functions of Nepal Rastra Bank?,"Nepal Rastra Bank Act, 2002","Nepal Rastra Bank Act, 2050 (1993)",,
ECO008,Economy,Currency & Banking,Nepali,हाल नेपाल राष्ट्र बैंकको स्थापना र कार्यलाई कुन ऐनले नियमन गर्दछ?,"नेपाल राष्ट्र बैंक ऐन, २०५८","नेपाल राष्ट्र बैंक ऐन, २०२६",,
ECO009,Economy,Currency & Banking,English,Which was the first fully state-owned commercial bank established after Nepal Bank Limited?,Rastriya Banijya Bank,Rastriya Banijya Bank (RBB),,
ECO009,Economy,Currency & Banking,Nepali,नेपाल बैंक लिमिटेड पछि स्थापना भएको पहिलो पूर्ण सरकारी स्वामित्वको व्यावसायिक बैंक कुन हो?,राष्ट्रिय बाणिज्य बैंक,नेपाल बैंक लिमिटेड पछि स्थापना भएको पहिलो पूर्ण सरकारी स्वामित्वको व्यावसायिक बैंक नेपाल बैंक लिमिटेड हो ।,,
ECO010,Economy,Currency & Banking,English,In which year was Rastriya Banijya Bank established?,1966 (2022 BS),2068 BS (2012 AD),,
ECO010,Economy,Currency & Banking,Nepali,राष्ट्रिय बाणिज्य बैंक कुन सालमा स्थापना भएको थियो?,सन् १९६६ (वि.सं. २०२२),२०६४ सालमा स्थापना भएको थियो ।,,
ECO011,Economy,Currency & Banking,English,"What is the smallest traditional monetary subunit of the Nepalese Rupee, equal to one-hundredth of a rupee?",Paisa,Paisa,,
ECO011,Economy,Currency & Banking,Nepali,"नेपाली रुपैयाँको सबैभन्दा सानो परम्परागत उपएकाइ, जुन रुपैयाँको एक-सयौं भाग हो, के हो?",पैसा,"नेपाली रुपैयाँको सबैभन्दा सानो परम्परागत उपएकाइ, जुन रुपैयाँको एक-सयौं भाग हो, पैसा हो ।",,
ECO012,Economy,Currency & Banking,English,Which government body regulates commercial banks and financial institutions in Nepal?,Nepal Rastra Bank,Nepal Rastra Bank (NRB),,
ECO012,Economy,Currency & Banking,Nepali,नेपालमा व्यावसायिक बैंक तथा वित्तीय संस्थाहरूको नियमन कुन सरकारी निकायले गर्दछ?,नेपाल राष्ट्र बैंक,नेपालमा व्यावसायिक बैंक तथा वित्तीय संस्थाहरूको नियमन नेपाल राजकीय बैंकको नियमन समितिले गर्दछ।,,
ECO013,Economy,Currency & Banking,English,What Nepali symbol is commonly used to denote the Nepalese Rupee?,रू,रू.,,
ECO013,Economy,Currency & Banking,Nepali,नेपाली रुपैयाँ जनाउन सामान्यतया कुन नेपाली चिन्ह प्रयोग गरिन्छ?,रू,"नेपाली रुपैयाँ जनाउन सामान्यतया नेपाली चिन्ह ""न"" प्रयोग गरिन्छ ।",,
ECO014,Economy,Currency & Banking,English,What is the lowest-denomination banknote currently issued by Nepal Rastra Bank?,Five-rupee note (NPR 5),₨20,,
ECO014,Economy,Currency & Banking,Nepali,हाल नेपाल राष्ट्र बैंकले जारी गर्ने सबैभन्दा सानो अंकको नोट कुन हो?,पाँच रुपैयाँको नोट,नेपाल राष्ट्र बैंकले जारी गर्ने सबैभन्दा सानो अंकको नोट ५ पैसा हो ।,,
ECO015,Economy,Currency & Banking,English,"Nepal's currency system is decimal, with how many paisa equal to one rupee?",100,100,,
ECO015,Economy,Currency & Banking,Nepali,"नेपालको मुद्रा प्रणाली दशमलव प्रणालीमा आधारित छ, एक रुपैयाँ बराबर कति पैसा हुन्छ?",१००,एक रुपैयाँ बराबर 100 पैसा हुन्छ ।,,
ECO016,Economy,Stock Market & Finance,English,What is the name of Nepal's only stock exchange?,Nepal Stock Exchange (NEPSE),Nepal Stock Exchange (NEPSE),,
ECO016,Economy,Stock Market & Finance,Nepali,नेपालको एकमात्र धितोपत्र बजारको नाम के हो?,नेपाल स्टक एक्सचेन्ज (नेप्से),नेपालको एकमात्र धितोपत्र बजारको नाम भद्रपुर बजार हो ।,,
ECO017,Economy,Stock Market & Finance,English,In which year was NEPSE established in its current form?,1993,2004,,
ECO017,Economy,Stock Market & Finance,Nepali,नेप्से हालको स्वरूपमा कुन सालमा स्थापना भएको थियो?,सन् १९९३,नेप्से हालको स्वरूपमा २०१४ सालमा स्थापना भएको थियो ।,,
ECO018,Economy,Stock Market & Finance,English,"What was the predecessor organization to NEPSE, established in 1976?",Securities Exchange Center,The Kathmandu Stock Exchange (KSE),,
ECO018,Economy,Stock Market & Finance,Nepali,सन् १९७६ मा स्थापना भएको नेप्सेको पूर्ववर्ती संस्था कुन थियो?,धितोपत्र विनिमय केन्द्र,नेप्सेको पूर्ववर्ती संस्था नेप्से विकास बैंक थियो।,,
ECO019,Economy,Stock Market & Finance,English,Which government body regulates the securities market in Nepal?,Securities Board of Nepal (SEBON),Securities Board of Nepal (SEBON),,
ECO019,Economy,Stock Market & Finance,Nepali,नेपालमा धितोपत्र बजारको नियमन कुन सरकारी निकायले गर्दछ?,धितोपत्र बोर्ड नेपाल (सेबोन),नेपालमा धितोपत्र बजारको नियमन नेपाल राजकीय प्राधिकरणले गर्दछ।,,
ECO020,Economy,Stock Market & Finance,English,In which year was the Securities Board of Nepal (SEBON) established?,1993,1999,,
ECO020,Economy,Stock Market & Finance,Nepali,धितोपत्र बोर्ड नेपाल (सेबोन) कुन सालमा स्थापना भएको थियो?,सन् १९९३,सन् १९९३ सालमा स्थापना भएको थियो ।,,
ECO021,Economy,Stock Market & Finance,English,What is the benchmark index of the Nepal Stock Exchange called?,NEPSE Index,Nepse (Nepal Stock Exchange) Index,,
ECO021,Economy,Stock Market & Finance,Nepali,नेपाल स्टक एक्सचेन्जको मानक सूचकांकलाई के भनिन्छ?,नेप्से परिसूचक,नेपाल स्टक एक्सचेन्जको मानक सूचकांकलाई नेप्सेक भनिन्छ ।,,
ECO022,Economy,Stock Market & Finance,English,In which city is the Nepal Stock Exchange physically located?,Kathmandu (Singha Durbar Plaza),Kathmandu,,
ECO022,Economy,Stock Market & Finance,Nepali,नेपाल स्टक एक्सचेन्ज भौतिक रूपमा कुन शहरमा अवस्थित छ?,काठमाडौं (सिंहदरबार प्लाजा),काठमाडौँ,,
ECO023,Economy,Stock Market & Finance,English,What type of trading system does NEPSE currently use for buying and selling shares?,Fully automated online trading system,Order-driven trading system,,
ECO023,Economy,Stock Market & Finance,Nepali,नेप्सेले हाल शेयर किनबेच गर्न कस्तो प्रकारको ट्रेडिङ प्रणाली प्रयोग गर्छ?,पूर्ण स्वचालित अनलाइन कारोबार प्रणाली,नेप्सेले हाल शेयर किनबेच गर्न कस्तो प्रकारको ट्रेडिङ प्रणाली प्रयोग गर्छ? - नेप्सले हाल शेयर किनबेच गर्न पारदर्शी ट्रेडिङ प्रणाली प्रयोग गर्छ।,,
ECO024,Economy,Stock Market & Finance,English,Which sector traditionally dominates the number of listed companies on NEPSE?,Banking and financial sector,Manufacturing,,
ECO024,Economy,Stock Market & Finance,Nepali,नेप्सेमा सूचीकृत कम्पनीहरूको संख्यामा परम्परागत रूपमा कुन क्षेत्रको बाहुल्य छ?,बैंक तथा वित्तीय क्षेत्र,नेप्सेमा सूचीकृत कम्पनीहरूको संख्यामा परम्परागत रूपमा काठमाडौँ क्षेत्रको बाहुल्य छ।,,
ECO025,Economy,Stock Market & Finance,English,What is the informal Nepali term for a single share unit used in NEPSE trading?,Kitta,Unit,,
ECO025,Economy,Stock Market & Finance,Nepali,नेप्से कारोबारमा प्रयोग हुने एक शेयर एकाइको अनौपचारिक नेपाली शब्द के हो?,कित्ता,"नेप्से कारोबारमा प्रयोग हुने एक शेयर एकाइको अनौपचारिक नेपाली शब्द ""माल"" हो ।",,
ECO026,Economy,Macroeconomy & Fiscal,English,What are the three broad sectors Nepal's GDP is typically divided into?,"Agriculture, Industry, and Services","Agriculture, Industry, and Services.",,
ECO026,Economy,Macroeconomy & Fiscal,Nepali,नेपालको जीडीपीलाई सामान्यतया कुन तीन फराकिला क्षेत्रमा विभाजन गरिन्छ?,"कृषि, उद्योग, र सेवा","नेपालको जीडीपीलाई सामान्यतया तीन फराकिला क्षेत्रमा विभाजन गरिन्छ:-

१. पूर्वाञ्चल क्षेत्र
२. मध्यमाञ्चल क्षेत्र
३. पश्चिमाञ्चल क्षेत्र",,
ECO027,Economy,Macroeconomy & Fiscal,English,Which sector employs the largest share of Nepal's workforce?,Agriculture,Agriculture,,
ECO027,Economy,Macroeconomy & Fiscal,Nepali,नेपालको श्रमशक्तिको सबैभन्दा ठूलो हिस्सा कुन क्षेत्रमा कार्यरत छ?,कृषि,कृषि क्षेत्रमा,,
ECO028,Economy,Macroeconomy & Fiscal,English,What classification has the United Nations historically used for Nepal's economic development status?,Least Developed Country (LDC),Least Developed Country (LDC),,
ECO028,Economy,Macroeconomy & Fiscal,Nepali,संयुक्त राष्ट्रसंघले नेपालको आर्थिक विकास स्थितिका लागि परम्परागत रूपमा कुन वर्गीकरण प्रयोग गर्दै आएको छ?,अति कम विकसित मुलुक (एलडीसी),संयुक्त राष्ट्रसंघले नेपालको आर्थिक विकास स्थितिका लागि कमल वर्गीकरण प्रयोग गर्दै आएको छ।,,
ECO029,Economy,Macroeconomy & Fiscal,English,When does Nepal's fiscal year begin according to the Bikram Sambat calendar?,Shrawan 1 (mid-July),Mid-July,,
ECO029,Economy,Macroeconomy & Fiscal,Nepali,नेपालको आर्थिक वर्ष विक्रम सम्वत् पात्रो अनुसार कहिले सुरु हुन्छ?,श्रावण १ (मध्य जुलाई),नेपालको आर्थिक वर्ष विक्रम सम्वत् पात्रो अनुसार असोज महिनामा सुरु हुन्छ।,,
ECO030,Economy,Macroeconomy & Fiscal,English,When does Nepal's fiscal year end?,"End of Ashad (mid-July, following year)",July 16,,
ECO030,Economy,Macroeconomy & Fiscal,Nepali,नेपालको आर्थिक वर्ष कहिले समाप्त हुन्छ?,आषाढ मसान्त (अर्को वर्षको मध्य जुलाई),नेपालको आर्थिक वर्ष असोज १६ मा समाप्त हुन्छ ।,,
ECO031,Economy,Macroeconomy & Fiscal,English,Which government ministry is primarily responsible for Nepal's fiscal policy and national budget?,Ministry of Finance,Ministry of Finance,,
ECO031,Economy,Macroeconomy & Fiscal,Nepali,नेपालको वित्तीय नीति र राष्ट्रिय बजेटको मुख्य जिम्मेवारी कुन मन्त्रालयको हो?,अर्थ मन्त्रालय,नेपालको वित्तीय नीति र राष्ट्रिय बजेटको मुख्य जिम्मेवारी वित्त मन्त्रालयको हो ।,,
ECO032,Economy,Macroeconomy & Fiscal,English,"Which government body compiles Nepal's national statistics, including GDP data?",National Statistics Office (formerly Central Bureau of Statistics),Central Bureau of Statistics (CBS),,
ECO032,Economy,Macroeconomy & Fiscal,Nepali,नेपालको जीडीपी लगायत राष्ट्रिय तथ्यांक कुन सरकारी निकायले संकलन गर्दछ?,राष्ट्रिय तथ्याङ्क कार्यालय (पूर्व केन्द्रीय तथ्याङ्क विभाग),नेपालको जीडीपी लगायत राष्ट्रिय तथ्यांक नेपाल राष्ट्रिय तथ्यांक कार्यालयले संकलन गर्दछ ।,,
ECO033,Economy,Macroeconomy & Fiscal,English,What is the standard Value Added Tax (VAT) rate applied in Nepal?,0.13,13%,,
ECO033,Economy,Macroeconomy & Fiscal,Nepali,नेपालमा लागू हुने मानक मूल्य अभिवृद्धि कर (भ्याट) दर कति हो?,१३ प्रतिशत,नेपालमा लागू हुने मानक मूल्य अभिवृद्धि कर (भ्याट) दर १.५% हो ।,,
ECO034,Economy,Macroeconomy & Fiscal,English,Which government body administers income tax collection in Nepal?,Inland Revenue Department (IRD),Inland Revenue Department (IRD),,
ECO034,Economy,Macroeconomy & Fiscal,Nepali,नेपालमा आयकर संकलनको प्रशासन कुन सरकारी निकायले गर्दछ?,आन्तरिक राजस्व विभाग,नेपालमा आयकर संकलनको प्रशासन नेपाल सरकारले गर्दछ।,,
ECO035,Economy,Macroeconomy & Fiscal,English,Remittance income is broadly cited as constituting roughly what share of Nepal's GDP in recent years?,Roughly a quarter (approximately 25%),Around 30-40%,,
ECO035,Economy,Macroeconomy & Fiscal,Nepali,हालका वर्षहरूमा रेमिट्यान्स आयले नेपालको जीडीपीको लगभग कति हिस्सा ओगटेको भनी उल्लेख गरिन्छ?,लगभग एक चौथाई (करिब २५ प्रतिशत),हालका वर्षहरूमा रेमिट्यान्स आयले नेपालको जीडीपीको लगभग ३०% ओगटेको भनी उल्लेख गरिन्छ ।,,
ECO041,Economy,Trade & Exports,English,Which neighboring country is Nepal's largest trading partner?,India,India,,
ECO041,Economy,Trade & Exports,Nepali,नेपालको सबैभन्दा ठूलो व्यापारिक साझेदार देश कुन हो?,भारत,भारत,,
ECO042,Economy,Trade & Exports,English,"Being a landlocked country, Nepal primarily relies on which neighboring country's seaports for third-country trade?",India (Kolkata port),India,,
ECO042,Economy,Trade & Exports,Nepali,भूपरिवेष्ठित देश भएकाले नेपाल तेस्रो देशसँगको व्यापारका लागि मुख्यतया कुन छिमेकी देशको समुद्री बन्दरगाहमा निर्भर छ?,भारत (कोलकाता बन्दरगाह),भारत,,
ECO043,Economy,Trade & Exports,English,What is a traditional major export item of Nepal known internationally as a fine wool-based product?,Pashmina,Pashmina,,
ECO043,Economy,Trade & Exports,Nepali,अन्तर्राष्ट्रिय रूपमा उत्कृष्ट ऊनी उत्पादनको रूपमा चिनिने नेपालको परम्परागत प्रमुख निर्यात वस्तु के हो?,पश्मिना,उत्तर: ऊन,,
ECO044,Economy,Trade & Exports,English,Which treaty governs trade and transit relations between Nepal and India?,Nepal-India Treaty of Trade and Transit,The Treaty of Perpetual Peace and Friendship between Nepal and India (1950) and the Indo-Nepal Trade and Transit Treaty (1996) govern trade and transit relations between Nepal and India.,,
ECO044,Economy,Trade & Exports,Nepali,नेपाल र भारतबीचको व्यापार तथा पारवहन सम्बन्ध कुन सन्धिले नियमन गर्दछ?,नेपाल-भारत व्यापार तथा पारवहन सन्धि,नेपाल र भारतबीचको व्यापार तथा पारवहन सम्बन्ध भारत नेपाल व्यापार तथा पारवहन सम्बन्ध सन्धि २०७४ (२०१७) नियमन गर्दछ ।,,
ECO045,Economy,Trade & Exports,English,Name a traditional hand-woven textile product historically significant to Nepal's export-oriented carpet industry.,Wool carpets,Thangka,,
ECO045,Economy,Trade & Exports,Nepali,नेपालको निर्यातमुखी कार्पेट उद्योगमा ऐतिहासिक रूपमा महत्त्वपूर्ण रहेको परम्परागत हस्तनिर्मित वस्त्र उत्पादन नाम दिनुहोस्।,ऊनी गलैंचा,"नेपालको निर्यातमुखी कार्पेट उद्योगमा ऐतिहासिक रूपमा महत्त्वपूर्ण रहेको परम्परागत हस्तनिर्मित वस्त्र उत्पादन नाम ""नेवारी काठको काम"" हो।",,
ECO046,Economy,Trade & Exports,English,What is Nepal's primary agricultural cash-crop export grown extensively in the eastern hills?,Tea,Tea,,
ECO046,Economy,Trade & Exports,Nepali,पूर्वी पहाडी क्षेत्रमा व्यापक रूपमा उत्पादन गरिने नेपालको प्रमुख नगदेबाली निर्यात के हो?,चिया,पूर्वी पहाडी क्षेत्रमा व्यापक रूपमा उत्पादन गरिने नेपालको प्रमुख नगदेबाली निर्यात काली मृग हो ।,,
ECO047,Economy,Trade & Exports,English,"Besides India, which northern neighboring country does Nepal also use for alternative trade access?",China,China,,
ECO047,Economy,Trade & Exports,Nepali,भारत बाहेक नेपालले वैकल्पिक व्यापार पहुँचका लागि कुन उत्तरी छिमेकी देश पनि प्रयोग गर्दछ?,चीन,भारत बाहेक नेपालले वैकल्पिक व्यापार पहुँचका लागि चीन पनि प्रयोग गर्दछ।,,
ECO048,Economy,Trade & Exports,English,What is the name of the dry port (inland container depot) Nepal uses near the Indian border in Birgunj for third-country trade?,"Inland Container Depot, Birgunj",Birgunj Inland Container Depot (ICD),,
ECO048,Economy,Trade & Exports,Nepali,तेस्रो देशसँगको व्यापारका लागि बीरगन्जमा रहेको ड्राई पोर्ट (आइसीडी) को नाम के हो?,बीरगन्ज अन्तर्देशीय कन्टेनर डिपो,बेलायती ड्राई पोर्ट (बेलायती आइसीडी),,
ECO049,Economy,Trade & Exports,English,Nepal is a member of which South Asian regional cooperation and trade organization?,SAARC (South Asian Association for Regional Cooperation),SAARC (South Asian Association for Regional Cooperation),,
ECO049,Economy,Trade & Exports,Nepali,नेपाल कुन दक्षिण एसियाली क्षेत्रीय सहयोग तथा व्यापार संगठनको सदस्य हो?,सार्क (दक्षिण एसियाली क्षेत्रीय सहयोग संगठन),"बाङ्गलादेश, भुटान, भारत, मालदिभ्स, नेपाल, पाकिस्तान, श्रीलङ्का",,
ECO050,Economy,Trade & Exports,English,In which year did Nepal officially join the World Trade Organization (WTO)?,2004,2004,,
ECO050,Economy,Trade & Exports,Nepali,नेपाल कुन सालमा आधिकारिक रूपमा विश्व व्यापार संगठन (डब्ल्यूटीओ) मा सामेल भयो?,सन् २००४,नेपाल २०४४ सालमा विश्व व्यापार संगठन (डब्ल्यूटीओ) मा सामेल भयो ।,,
ECO051,Economy,Tourism Economy,English,Which body issues trekking permits for Nepal's national parks and conservation areas?,Nepal Tourism Board / respective park and conservation area offices,Department of Conservation,,
ECO051,Economy,Tourism Economy,Nepali,नेपालका राष्ट्रिय निकुञ्ज तथा संरक्षण क्षेत्रका लागि ट्रेकिङ अनुमतिपत्र कसले जारी गर्दछ?,नेपाल पर्यटन बोर्ड / सम्बन्धित निकुञ्ज तथा संरक्षण क्षेत्र कार्यालय,नेपालका राष्ट्रिय निकुञ्ज तथा संरक्षण क्षेत्रका लागि ट्रेकिङ अनुमतिपत्र पर्यटन विभागले जारी गर्दछ ।,,
ECO052,Economy,Tourism Economy,English,"What system requires trekkers to register before undertaking major treks in Nepal, abbreviated TIMS?",Trekkers' Information Management System,Trekkers' Information Management System (TIMS),,
ECO052,Economy,Tourism Economy,Nepali,"नेपालमा प्रमुख ट्रेक सुरु गर्नुअघि ट्रेकरहरूलाई दर्ता गराउन आवश्यक पर्ने प्रणाली, जसलाई टिम्स भनिन्छ, के हो?",ट्रेकर्स सूचना व्यवस्थापन प्रणाली,नेपाल सरकारले निर्मित ट्रेकर्स इन्फोर्मेशन मेनेजमेन्ट सिस्टम (TIMS),,
ECO053,Economy,Tourism Economy,English,Which sector significantly contributes to Nepal's foreign currency earnings alongside remittances?,Tourism,Tourism,,
ECO053,Economy,Tourism Economy,Nepali,रेमिट्यान्ससँगै नेपालको वैदेशिक मुद्रा आर्जनमा कुन क्षेत्रले महत्त्वपूर्ण योगदान गर्दछ?,पर्यटन,नेपालमा रेमिट्यान्ससँगै वैदेशिक मुद्रा आर्जनमा काम गर्ने क्षेत्रले महत्त्वपूर्ण योगदान गर्दछ।,,
ECO054,Economy,Tourism Economy,English,What is the main international airport through which most foreign tourists enter Nepal?,"Tribhuvan International Airport, Kathmandu",Tribhuvan International Airport (Kathmandu),,
ECO054,Economy,Tourism Economy,Nepali,अधिकांश विदेशी पर्यटक नेपाल प्रवेश गर्ने मुख्य अन्तर्राष्ट्रिय विमानस्थल कुन हो?,"त्रिभुवन अन्तर्राष्ट्रिय विमानस्थल, काठमाडौं",त्रिभुवन अन्तर्राष्ट्रिय विमानस्थल ।,,
ECO055,Economy,Tourism Economy,English,What was the name of Nepal's major official tourism promotion campaign held in 2020?,Visit Nepal Year 2020,"Nepal Tourism Board's major official tourism promotion campaign held in 2020 was ""Visit Nepal 2020"".",,
ECO055,Economy,Tourism Economy,Nepali,सन् २०२० मा सञ्चालन गरिएको नेपालको प्रमुख आधिकारिक पर्यटन प्रवर्द्धन अभियानको नाम के थियो?,भ्रमण वर्ष नेपाल २०२०,"नेपाल ट्रेवल टूरिजम मार्केटिंग यार्ड

नेपाल ट्रेवल टूरिजम मार्केटिंग यार्ड (NTY) नेपालको प्रमुख आधिकारिक पर्यटन प्रवर्द्धन अभियान हो जसले नेपालमा पर्यटन विकासको लागि काम गर्दै आइरहेको छ।",,
ECO056,Economy,Tourism Economy,English,Which government body is primarily responsible for promoting tourism in Nepal?,Nepal Tourism Board,Nepal Tourism Board (NTB),,
ECO056,Economy,Tourism Economy,Nepali,नेपालमा पर्यटन प्रवर्द्धनको मुख्य जिम्मेवारी कुन सरकारी निकायको हो?,नेपाल पर्यटन बोर्ड,नेपालमा पर्यटन प्रवर्द्धनको मुख्य जिम्मेवारी पर्यटन विकास विभागको हो ।,,
ECO057,Economy,Tourism Economy,English,What is the general term for the fee foreign trekkers pay to enter Nepal's national parks and conservation areas?,Conservation area / park entry permit fee,National Park Fee,,
ECO057,Economy,Tourism Economy,Nepali,विदेशी ट्रेकरहरूले नेपालका राष्ट्रिय निकुञ्ज तथा संरक्षण क्षेत्रमा प्रवेश गर्दा तिर्ने शुल्कलाई सामान्यतया के भनिन्छ?,संरक्षण क्षेत्र / निकुञ्ज प्रवेश अनुमतिपत्र शुल्क,विदेशी ट्रेकरहरूले नेपालका राष्ट्रिय निकुञ्ज तथा संरक्षण क्षेत्रमा प्रवेश गर्दा तिर्ने शुल्कलाई सामान्यतया प्रवेश शुल्क भनिन्छ ।,,
ECO058,Economy,Tourism Economy,English,"What is the name of Nepal's international airport located in Bhairahawa, near Lumbini?",Gautam Buddha International Airport,Bhairahawa Airport (also known as Siddharthanagar Airport),,
ECO058,Economy,Tourism Economy,Nepali,लुम्बिनी नजिकै भैरहवामा रहेको नेपालको अन्तर्राष्ट्रिय विमानस्थलको नाम के हो?,गौतम बुद्ध अन्तर्राष्ट्रिय विमानस्थल,गौतमबुद्ध अन्तर्राष्ट्रिय विमानस्थल,,
ECO059,Economy,Tourism Economy,English,What is the name of Nepal's international airport near Pokhara that became operational in 2023?,Pokhara International Airport,Pokhara Regional International Airport,,
ECO059,Economy,Tourism Economy,Nepali,सन् २०२३ मा सञ्चालनमा आएको पोखरा नजिकैको नेपालको अन्तर्राष्ट्रिय विमानस्थलको नाम के हो?,पोखरा अन्तर्राष्ट्रिय विमानस्थल,पोखरा नजिकैको नेपालको अन्तर्राष्ट्रिय विमानस्थलको नाम पोखरा विमानस्थल हो ।,,
ECO060,Economy,Tourism Economy,English,Adventure tourism revenue in Nepal is significantly tied to climbing permits for which mountain?,Mount Everest,Mount Everest,,
ECO060,Economy,Tourism Economy,Nepali,नेपालको साहसिक पर्यटन आम्दानी मुख्यतया कुन हिमालको आरोहण अनुमतिपत्रसँग जोडिएको छ?,सगरमाथा (माउन्ट एभरेस्ट),नेपालको साहसिक पर्यटन आम्दानी मुख्यतया माउण्ट एभरेस्टको आरोहण अनुमतिपत्रसँग जोडिएको छ।,,
ECO061,Economy,Agriculture Economy,English,What is Nepal's most widely cultivated staple food crop?,Rice (paddy),Rice.,,
ECO061,Economy,Agriculture Economy,Nepali,नेपालको सबैभन्दा व्यापक रूपमा खेती गरिने मुख्य खाद्यान्न बाली के हो?,धान (चामल),जौ,,
ECO062,Economy,Agriculture Economy,English,Which government ministry oversees agricultural policy in Nepal?,Ministry of Agriculture and Livestock Development,Ministry of Agriculture and Livestock Development,,
ECO062,Economy,Agriculture Economy,Nepali,नेपालमा कृषि नीतिको निरीक्षण कुन सरकारी मन्त्रालयले गर्दछ?,कृषि तथा पशुपन्छी विकास मन्त्रालय,नेपालमा कृषि नीतिको निरीक्षण कृषि विकास मन्त्रालयले गर्दछ ।,,
ECO063,Economy,Agriculture Economy,English,What term describes Nepal's traditional small-scale farming system practiced by most smallholder farmers?,Subsistence agriculture,Shifting cultivation,,
ECO063,Economy,Agriculture Economy,Nepali,अधिकांश साना किसानहरूले अभ्यास गर्ने नेपालको परम्परागत साना-स्तरको खेती प्रणालीलाई कुन शब्दले वर्णन गरिन्छ?,निर्वाहमुखी कृषि,जोत,,
ECO064,Economy,Agriculture Economy,English,"Which cash crop, grown extensively in eastern hill districts like Ilam, is a significant agricultural export for Nepal?",Tea,Tea,,
ECO064,Economy,Agriculture Economy,Nepali,इलाम जस्ता पूर्वी पहाडी जिल्लाहरूमा व्यापक रूपमा उत्पादन गरिने कुन नगदेबाली नेपालको महत्त्वपूर्ण कृषि निर्यात हो?,चिया,इलाम जस्ता पूर्वी पहाडी जिल्लाहरूमा व्यापक रूपमा उत्पादन गरिने कुन नगदेबाली नेपालको महत्त्वपूर्ण कृषि निर्यात हो? नेपाली नगदेबाली,,
ECO065,Economy,Agriculture Economy,English,Agriculture is broadly cited as contributing roughly what share of Nepal's GDP in recent economic surveys?,Roughly a quarter (approximately 24-25%),Around 30%,,
ECO065,Economy,Agriculture Economy,Nepali,हालैका आर्थिक सर्वेक्षणहरूमा कृषिले नेपालको जीडीपीमा लगभग कति हिस्सा योगदान गरेको उल्लेख गरिन्छ?,लगभग एक चौथाई (करिब २४-२५ प्रतिशत),कृषि २५%,,
ECO066,Economy,Remittance & Labor,English,Foreign employment remittances form which major component of Nepal's national income?,A major share of GDP driven by labor migration,Foreign exchange earnings,,
ECO066,Economy,Remittance & Labor,Nepali,वैदेशिक रोजगारीबाट प्राप्त रेमिट्यान्सले नेपालको राष्ट्रिय आयको कुन प्रमुख अंश बनाउँछ?,श्रम बसाइँसराइबाट प्रेरित जीडीपीको प्रमुख अंश,वैदेशिक रोजगारीबाट प्राप्त रेमिट्यान्सले नेपालको राष्ट्रिय आयको ३५ प्रतिशत अंश बनाउँछ ।,,
ECO067,Economy,Remittance & Labor,English,Which government body manages foreign labor permits for Nepali migrant workers?,Department of Foreign Employment,"The Government of Nepal, through the Department of Foreign Employment (DIFE) under the Ministry of Labour, Employment and Social Security, manages foreign labor permits for Nepali migrant workers.",,
ECO067,Economy,Remittance & Labor,Nepali,नेपाली आप्रवासी श्रमिकहरूको वैदेशिक श्रम स्वीकृति कुन सरकारी निकायले व्यवस्थापन गर्दछ?,वैदेशिक रोजगार विभाग,नेपाली आप्रवासी श्रमिकहरूको वैदेशिक श्रम स्वीकृति नेपाल सरकारले व्यवस्थापन गर्दछ।,,
ECO068,Economy,Remittance & Labor,English,Name one Gulf country that is a major destination for Nepali migrant workers.,Qatar,Oman,,
ECO068,Economy,Remittance & Labor,Nepali,नेपाली आप्रवासी श्रमिकहरूको प्रमुख गन्तव्य रहेको एउटा खाडी देशको नाम दिनुहोस्।,कतार,भारत,,
ECO069,Economy,Remittance & Labor,English,What is the commonly used term for money sent home by migrant workers?,Remittance,Remittances,,
ECO069,Economy,Remittance & Labor,Nepali,आप्रवासी श्रमिकहरूले घर पठाउने रकमलाई सामान्यतया के भनिन्छ?,रेमिट्यान्स,मेहनतकाजा,,
ECO070,Economy,Remittance & Labor,English,"Which East Asian country, outside the Gulf region, is also a major labor migration destination for Nepali workers?",Malaysia,South Korea,,
ECO070,Economy,Remittance & Labor,Nepali,खाडी क्षेत्र बाहेक कुन पूर्वी एसियाली देश पनि नेपाली श्रमिकहरूको प्रमुख श्रम बसाइँसराइ गन्तव्य हो?,मलेसिया,भारत,,
TEC016,Technology,Internet,English,Which company launched Nepal's first email service?,Mercantile Communications Pvt. Ltd.,Nepal Telecom,,
TEC016,Technology,Internet,Nepali,नेपालको पहिलो इमेल सेवा कुन कम्पनीले सुरु गरेको थियो?,मर्केन्टाइल कम्युनिकेसन्स प्रा.लि.,नेपालको पहिलो इमेल सेवा नेप्सि कम्पनीले सुरु गरेको थियो ।,,
TEC017,Technology,Internet,English,In which year did Nepal get its first email service?,1993,1998,,
TEC017,Technology,Internet,Nepali,नेपालले पहिलोपटक इमेल सेवा कुन सालमा पायो?,सन् १९९३,सन् १९९५,,
TEC018,Technology,Internet,English,"In which year was full internet access, beyond just email, first introduced in Nepal?",1995,2000,,
TEC018,Technology,Internet,Nepali,इमेल मात्र नभई पूर्ण इन्टरनेट पहुँच नेपालमा पहिलोपटक कुन सालमा सुरु भएको थियो?,सन् १९९५,सन् १९९५,,
TEC019,Technology,Internet,English,What is Nepal's country-code top-level domain (ccTLD)?,.np,.np,,
TEC019,Technology,Internet,Nepali,नेपालको देश-कोड शीर्ष-स्तर डोमेन (सीसीटीएलडी) के हो?,.np,.नप,,
TEC020,Technology,Internet,English,Which organization has historically operated as the registry for Nepal's .np domain?,Mercantile Communications,Nepal Telecommunications Corporation (NTC),,
TEC020,Technology,Internet,Nepali,नेपालको .np डोमेनको रजिस्ट्रीको रूपमा परम्परागत रूपमा कुन संस्था कार्यरत रहेको छ?,मर्केन्टाइल कम्युनिकेसन्स,नेपाल सरकार,,
TEC021,Technology,Internet,English,What broad category of fiber-optic internet connection has been expanding rapidly in urban Nepal?,Fiber-to-the-home (FTTH) broadband,FTTH (Fiber-to-the-Home),,
TEC021,Technology,Internet,Nepali,सहरी नेपालमा द्रुत गतिमा विस्तार भइरहेको फाइबर-अप्टिक इन्टरनेट जडानको फराकिलो प्रकार के हो?,फाइबर-टु-द-होम (एफटीटीएच) ब्रोडब्यान्ड,फाइबर-अप्टिक इन्टरनेट जडानको फराकिलो प्रकार: फाइबर टू द फाइबर (FTTB),,
TEC022,Technology,Internet,English,Which regulatory body issues internet service provider (ISP) licenses in Nepal?,Nepal Telecommunications Authority (NTA),Nepal Telecommunications Authority (NTA),,
TEC022,Technology,Internet,Nepali,नेपालमा इन्टरनेट सेवा प्रदायक (आईएसपी) इजाजतपत्र कुन नियामक निकायले जारी गर्दछ?,नेपाल दूरसञ्चार प्राधिकरण,नेपालमा इन्टरनेट सेवा प्रदायक (आईएसपी) इजाजतपत्र नेपाल राजकीय प्रेसको नियामक निकायले जारी गर्दछ।,,
TEC023,Technology,Internet,English,"What is the commonly used term in Nepal for public shared-computer internet access points, widespread before mobile broadband?",Cyber café,Internet Cafes,,
TEC023,Technology,Internet,Nepali,मोबाइल ब्रोडब्यान्ड आउनुअघि व्यापक रहेको सार्वजनिक साझा-कम्प्युटर इन्टरनेट पहुँच केन्द्रलाई नेपालमा सामान्यतया के भनिन्छ?,साइबर क्याफे,नेपालमा सार्वजनिक साझा-कम्प्युटर इन्टरनेट पहुँच केन्द्रलाई इण्टरनेट सेण्टर भनिन्छ ।,,
TEC024,Technology,Internet,English,Which social media platform is widely reported as the most used in Nepal?,Facebook,Facebook,,
TEC024,Technology,Internet,Nepali,नेपालमा सबैभन्दा बढी प्रयोग हुने सामाजिक सञ्जाल मञ्चको रूपमा व्यापक रूपमा कुन उल्लेख गरिन्छ?,फेसबुक,फेसबुक,,
TEC025,Technology,Internet,English,What government-linked initiative aims to expand broadband internet connectivity into rural parts of Nepal?,Rural Telecommunications Development Fund broadband expansion projects,"Nepal Government's ""Nepal Broadband Plan""",,
TEC025,Technology,Internet,Nepali,नेपालको ग्रामीण भागहरूमा ब्रोडब्यान्ड इन्टरनेट जडान विस्तार गर्ने लक्ष्य राखेको सरकार-सम्बन्धित पहल के हो?,ग्रामीण दूरसञ्चार विकास कोषका ब्रोडब्यान्ड विस्तार आयोजनाहरू,"नेपाल सरकारले ग्रामीण भागहरूमा ब्रोडब्यान्ड इन्टरनेट जडान विस्तार गर्ने लक्ष्य राखेको सरकार-सम्बन्धित पहल ""डिजिटल नेपाल"" हो ।",,
TEC031,Technology,Digital Payments,English,What is the name of the national interbank payment infrastructure established under Nepal Rastra Bank's oversight?,National Payments Gateway (NPG),Nepse (Nepal Interbank Payment System),,
TEC031,Technology,Digital Payments,Nepali,नेपाल राष्ट्र बैंकको निगरानीमा स्थापना गरिएको राष्ट्रिय अन्तर-बैंक भुक्तानी पूर्वाधारको नाम के हो?,राष्ट्रिय भुक्तानी गेटवे (एनपीजी),नेपाल राष्ट्र बैंकको निगरानीमा स्थापना गरिएको राष्ट्रिय अन्तर-बैंक भुक्तानी पूर्वाधार नेपाल पेमेन्ट्स सिस्टम (एनपिएस) हो ।,,
TEC032,Technology,Digital Payments,English,What interoperable QR-based payment standard has Nepal Rastra Bank promoted for merchant payments?,Nepal QR,QRoap (QR-based payment standard),,
TEC032,Technology,Digital Payments,Nepali,व्यापारी भुक्तानीका लागि नेपाल राष्ट्र बैंकले प्रवर्द्धन गरेको अन्तर-सञ्चालनयोग्य क्यूआर-आधारित भुक्तानी मापदण्ड के हो?,नेपाल क्यूआर,"नेपाल राष्ट्र बैंकले प्रवर्द्धन गरेको अन्तर-सञ्चालनयोग्य क्यूआर-आधारित भुक्तानी मापदण्ड ২,০০,০০০ रुपैयाँ हो ।",,
TEC033,Technology,Digital Payments,English,Which government body regulates digital wallets and payment service providers in Nepal?,Nepal Rastra Bank (Payment Systems Department),Nepal Rastra Bank (Central Bank of Nepal),,
TEC033,Technology,Digital Payments,Nepali,नेपालमा डिजिटल वालेट तथा भुक्तानी सेवा प्रदायकहरूको नियमन कुन सरकारी निकायले गर्दछ?,नेपाल राष्ट्र बैंक (भुक्तानी प्रणाली विभाग),नेपालमा डिजिटल वालेट तथा भुक्तानी सेवा प्रदायकहरूको नियमन नेपाल राजकीय प्राधिकरणले गर्दछ।,,
TEC034,Technology,Digital Payments,English,Name a mobile-money/remittance-linked digital payment service launched by the IME Group.,IME Pay,Khalti,,
TEC034,Technology,Digital Payments,Nepali,आईएमई समूहले सुरु गरेको मोबाइल-मनी/रेमिट्यान्स-सम्बन्धित डिजिटल भुक्तानी सेवाको नाम दिनुहोस्।,आईएमई पे,बीमल,,
TEC035,Technology,Digital Payments,English,What term describes Nepal's broader shift toward cashless transactions promoted through QR codes and mobile banking apps?,Digital/cashless payment adoption,Digital Nepal,,
TEC035,Technology,Digital Payments,Nepali,क्यूआर कोड र मोबाइल बैंकिङ एपमार्फत प्रवर्द्धित नेपालको नगदरहित कारोबारतर्फको फराकिलो परिवर्तनलाई कुन शब्दले वर्णन गरिन्छ?,डिजिटल/नगदरहित भुक्तानी अवलम्बन,फिनटेकनिवास,,
TEC036,Technology,E-Governance,English,What is the name of the government's unified digital service mobile application launched to provide citizen services?,Nagarik App,"Aarogya Setu (for health services) and UMANG (Unified Mobile Application for New-age Governance) are two examples, but the most widely used one is UMANG.",,
TEC036,Technology,E-Governance,Nepali,नागरिक सेवाहरू उपलब्ध गराउन सरकारद्वारा सुरु गरिएको एकीकृत डिजिटल सेवा मोबाइल एप्लिकेसनको नाम के हो?,नागरिक एप,नागरिक सेवाहरू उपलब्ध गराउन सरकारद्वारा सुरु गरिएको एकीकृत डिजिटल सेवा मोबाइल एप्लिकेसनको नाम नागरिक सेवा पोर्टल हो ।,,
TEC037,Technology,E-Governance,English,What is the name of Nepal's national identity card project intended to enable digital identity verification?,National Identity Card (NID),"Nepal's national identity card project is called ""Nepal's Digital Identity Card"" or ""NID"" (Nepal Identity Card), but more specifically, it is known as ""Nepal's Digital Identity Card"" or ""NID"" project, which is also referred to as ""NID"" or ""Nepal's ID"" project.",,
TEC037,Technology,E-Governance,Nepali,डिजिटल परिचय प्रमाणीकरण सम्भव पार्ने उद्देश्यले सञ्चालित नेपालको राष्ट्रिय परिचयपत्र आयोजनाको नाम के हो?,राष्ट्रिय परिचयपत्र (एनआईडी),नेपाल सरकारले सञ्चालित नेपाल राष्ट्रिय परिचयपत्र (एनआरसी),,
TEC038,Technology,E-Governance,English,Which government body oversees Nepal's e-governance initiatives and IT policy?,Ministry of Communication and Information Technology,National Information Technology Centre (NITC),,
TEC038,Technology,E-Governance,Nepali,नेपालको ई-गभर्नेन्स पहल तथा आईटी नीतिको निरीक्षण कुन सरकारी निकायले गर्दछ?,सञ्चार तथा सूचना प्रविधि मन्त्रालय,नेपालको ई-गभर्नेन्स पहल तथा आईटी नीतिको निरीक्षण नेपाल सरकारले गर्दछ।,,
TEC039,Technology,E-Governance,English,What system allows Nepali citizens to apply for passports online before in-person biometric verification?,Online passport application system,"The system is called ""Nepal Online Passport Application"" or ""Nepal Passport Online Application"" but more specifically it is called ""Nepal Passport Online Application System"" or ""Nepal Passport Online"" but the most accurate answer is ""Nepal Passport Online Application System"" or ""Nepal Passport Online"" but the most accurate answer is ""Nepal Passport Online Application System"" or ""Nepal Passport Online"" but the most accurate answer is ""Nepal Passport Online Application System"" or ""Nepal Passport Online"" but the most accurate answer is ""Nepal Passport Online Application System"" or ""Nepal Passport Online"" but the most accurate answer is ""Nepal Passport Online Application System",,
TEC039,Technology,E-Governance,Nepali,नेपाली नागरिकहरूलाई व्यक्तिगत बायोमेट्रिक प्रमाणीकरणअघि अनलाइन राहदानी आवेदन दिन सक्षम पार्ने प्रणाली के हो?,अनलाइन राहदानी आवेदन प्रणाली,हो,,
TEC040,Technology,E-Governance,English,"Which government commission oversees voter registration and elections in Nepal, increasingly using digital voter rolls?",Election Commission of Nepal,The Election Commission of Nepal (ECN),,
TEC040,Technology,E-Governance,Nepali,"नेपालमा मतदाता दर्ता तथा निर्वाचनको निरीक्षण कुन सरकारी आयोगले गर्दछ, जसले बढ्दो रूपमा डिजिटल मतदाता नामावली प्रयोग गर्दै आएको छ?","निर्वाचन आयोग, नेपाल","नेपालमा मतदाता दर्ता तथा निर्वाचनको निरीक्षण नेपाल सरकारले गर्दछ, जसले बढ्दो रूपमा डिजिटल मतदाता नामावली प्रयोग गर्दै आएको छ।",,
TEC041,Technology,E-Governance,English,What is the name of Nepal's e-governance master plan aimed at digitizing government services?,Digital Nepal Framework,"Nepal's e-governance master plan aimed at digitizing government services is called ""Nepal Digital Economy Vision 2030"" and also ""Nepal Government's Digital Nepal"" but more specifically it is ""Digital Nepal""",,
TEC041,Technology,E-Governance,Nepali,सरकारी सेवाहरूलाई डिजिटल बनाउने लक्ष्य राखेको नेपालको ई-गभर्नेन्स गुरुयोजनाको नाम के हो?,डिजिटल नेपाल फ्रेमवर्क,"नेपालको ई-गभर्नेन्स गुरुयोजनाको नाम ""नेपाल सरकारी सेवा पोर्टल"" हो ।",,
TEC042,Technology,E-Governance,English,In which year was the Digital Nepal Framework officially launched?,2019,2016,,
TEC042,Technology,E-Governance,Nepali,डिजिटल नेपाल फ्रेमवर्क कुन सालमा आधिकारिक रूपमा सुरु गरिएको थियो?,सन् २०१९,२०१९,,
TEC043,Technology,E-Governance,English,Which government office is responsible for maintaining Nepal's civil registration and vital digital records?,Department of National ID and Civil Registration,"Office of the Register of Births, Deaths and Marriages (ORBDM)",,
TEC043,Technology,E-Governance,Nepali,नेपालको नागरिक दर्ता तथा महत्त्वपूर्ण डिजिटल अभिलेख अद्यावधिक राख्ने जिम्मेवारी कुन सरकारी कार्यालयको हो?,राष्ट्रिय परिचयपत्र तथा पञ्जीकरण विभाग,"नेपालको नागरिक दर्ता तथा महत्त्वपूर्ण डिजिटल अभिलेख अद्यावधिक राख्ने जिम्मेवारी नेपाल सरकार, कार्यालयको हो ।",,
TEC044,Technology,E-Governance,English,What is the name of the government office responsible for online company registration in Nepal?,Office of the Company Registrar (OCR),Department of Industry (DOI),,
TEC044,Technology,E-Governance,Nepali,नेपालमा अनलाइन कम्पनी दर्ताको जिम्मेवारी भएको सरकारी कार्यालयको नाम के हो?,कम्पनी रजिस्ट्रारको कार्यालय,नेपालमा अनलाइन कम्पनी दर्ताको जिम्मेवारी भएको सरकारी कार्यालयको नाम नेपाल राजकार्यालय हो ।,,
TEC045,Technology,E-Governance,English,Which government system allows Nepali taxpayers to file tax returns electronically?,Inland Revenue Department's e-filing system,"Nepal's government system allows Nepali taxpayers to file tax returns electronically through the ""VAT and Taxpayer Service Management System"" (VAT SMS) or the ""Nepal Rastra Bank's"" (Central Bank of Nepal) online portal, but more specifically, the ""VAT SMS"" is the system used for filing tax returns electronically.",,
TEC045,Technology,E-Governance,Nepali,नेपाली करदाताहरूलाई विद्युतीय रूपमा कर विवरण दाखिला गर्न सक्षम पार्ने सरकारी प्रणाली कुन हो?,आन्तरिक राजस्व विभागको ई-फाइलिङ प्रणाली,नेपाली करदाताहरूलाई विद्युतीय रूपमा कर विवरण दाखिला गर्न सक्षम पार्ने सरकारी प्रणाली ई-फाइलिंग प्रणाली हो ।,,
TEC046,Technology,IT Industry,English,What term is often informally used to describe Kathmandu's growing cluster of software companies and IT startups?,IT hub,Silicon Kathmandu,,
TEC046,Technology,IT Industry,Nepali,काठमाडौंमा बढ्दो सफ्टवेयर कम्पनी तथा आईटी स्टार्टअपको समूहलाई वर्णन गर्न अनौपचारिक रूपमा प्रायः प्रयोग गरिने शब्द के हो?,आईटी हब,"काठमाडौंमा बढ्दो सफ्टवेयर कम्पनी तथा आईटी स्टार्टअपको समूहलाई वर्णन गर्न अनौपचारिक रूपमा प्रायः प्रयोग गरिने शब्द ""सिलिकन हिल"" हो ।",,
TEC047,Technology,IT Industry,English,Which government-supported facility near Banepa was established to promote Nepal's IT industry and outsourcing?,Nepal IT Park (Banepa),Kavrepalanchok,,
TEC047,Technology,IT Industry,Nepali,नेपालको आईटी उद्योग तथा आउटसोर्सिङ प्रवर्द्धनका लागि बानेपा नजिकै स्थापना गरिएको सरकार-समर्थित सुविधा के हो?,नेपाल आईटी पार्क (बानेपा),नेपालको आईटी उद्योग तथा आउटसोर्सिङ प्रवर्द्धनका लागि बानेपा नजिकै स्थापना गरिएको सरकार-समर्थित सुविधा नेपाल आईटी पार्क हो ।,,
TEC052,Technology,IT Industry,English,"Which university, through its engineering institute, was among the first to offer a formal computer science/IT degree program in Nepal?",Tribhuvan University (Institute of Engineering),Tribhuvan University (TU),,
TEC052,Technology,IT Industry,Nepali,इन्जिनियरिङ प्रतिष्ठानमार्फत कुन विश्वविद्यालय नेपालमा औपचारिक कम्प्युटर विज्ञान/आईटी उपाधि कार्यक्रम प्रदान गर्ने पहिलोमध्ये पर्दछ?,त्रिभुवन विश्वविद्यालय (इन्जिनियरिङ अध्ययन संस्थान),इन्जिनियरिङ प्रतिष्ठानमार्फत काठमाडौँ विश्वविद्यालय नेपालमा औपचारिक कम्प्युटर विज्ञान/आईटी उपाधि कार्यक्रम प्रदान गर्ने पहिलोमध्ये पर्दछ।,,
TEC053,Technology,IT Industry,English,What percentage share of Nepal's total export earnings is the IT/software service sector broadly cited as representing?,A small but steadily growing share (specific percentage varies by year),25-30%,,
TEC053,Technology,IT Industry,Nepali,नेपालको कुल निर्यात आम्दानीमा आईटी/सफ्टवेयर सेवा क्षेत्रले लगभग कति प्रतिशत हिस्सा ओगटेको भनी व्यापक रूपमा उल्लेख गरिन्छ?,सानो तर क्रमशः बढ्दो हिस्सा (सही प्रतिशत वर्षअनुसार फरक पर्छ),नेपालको कुल निर्यात आम्दानीमा आईटी/सफ्टवेयर सेवा क्षेत्रले लगभग ९० प्रतिशत हिस्सा ओगटेको भनी व्यापक रूपमा उल्लेख गरिन्छ ।,,
TEC054,Technology,IT Industry,English,Name one well-known Nepali IT/software company recognized for outsourcing or fintech services internationally.,F1Soft International,WSO2 (now known as WSO2 Inc.),,
TEC054,Technology,IT Industry,Nepali,अन्तर्राष्ट्रिय रूपमा आउटसोर्सिङ वा फिनटेक सेवाका लागि चिनिने एउटा प्रख्यात नेपाली आईटी/सफ्टवेयर कम्पनीको नाम दिनुहोस्।,एफवान्सफ्ट इन्टरनेशनल,नेपाली प्रख्यात आईटी/सफ्टवेयर कम्पनी नेपाली कम्प्युटर सोसाइटी (नेसो) हो ।,,
TEC055,Technology,IT Industry,English,What kind of government policy incentives are typically aimed at promoting software and IT service exports in Nepal?,Tax incentives and export promotion schemes for IT/software services,"Tax holidays, duty-free imports of computer hardware and software, and exemptions from income tax and other levies are typically aimed at promoting software and IT service exports in Nepal.",,
TEC055,Technology,IT Industry,Nepali,नेपालमा सफ्टवेयर तथा आईटी सेवा निर्यात प्रवर्द्धनका लागि सामान्यतया कस्ता सरकारी नीतिगत प्रोत्साहनहरू लक्षित हुन्छन्?,आईटी/सफ्टवेयर सेवाका लागि कर छुट तथा निर्यात प्रवर्द्धन योजनाहरू,"नेपालमा सफ्टवेयर तथा आईटी सेवा निर्यात प्रवर्द्धनका लागि सामान्यतया सरकारी नीतिगत प्रोत्साहनहरू मध्ये कस्ता हुन्छन्:

1.  निर्यातको प्रोत्साहन
2.  करमा छूट
3.  निर्यातको प्रोत्साहन
4.  करमा छूट
5.  निर्यातको प्रोत्साहन
6.  करमा छूट
7.  निर्यातको प्रोत्स",,
TEC056,Technology,Computing History,English,Which government institution is historically credited with bringing one of the first computers into Nepal for statistical purposes?,Central Bureau of Statistics (now National Statistics Office),The Central Bureau of Statistics (CBS),,
TEC056,Technology,Computing History,Nepali,सांख्यिकीय प्रयोजनका लागि नेपालमा पहिलो कम्प्युटरमध्ये एक ल्याउने श्रेय ऐतिहासिक रूपमा कुन सरकारी संस्थालाई दिइन्छ?,केन्द्रीय तथ्याङ्क विभाग (हाल राष्ट्रिय तथ्याङ्क कार्यालय),नेपालमा सांख्यिकीय प्रयोजनका लागि नेपालमा पहिलो कम्प्युटरमध्ये एक ल्याउने श्रेय ऐतिहासिक रूपमा नेपाल सरकारलाई दिइन्छ।,,
TEC057,Technology,Computing History,English,"What was the primary use of Nepal's earliest government computers, introduced in the mid-20th century?",Census and statistical data processing,Calculating salaries and pensions.,,
TEC057,Technology,Computing History,Nepali,बीसौं शताब्दीको मध्यतिर ल्याइएका नेपालका शुरुका सरकारी कम्प्युटरहरूको मुख्य प्रयोग के थियो?,जनगणना तथा तथ्याङ्क प्रशोधन,बीसौं शताब्दीको मध्यतिर ल्याइएका नेपालका शुरुका सरकारी कम्प्युटरहरूको मुख्य प्रयोग संख्या गणना थियो।,,
TEC058,Technology,Computing History,English,What general term was used in Nepal during the 1990s for public shared-computer/internet access points?,Cyber café,Cyber Cafes,,
TEC058,Technology,Computing History,Nepali,सन् १९९० को दशकमा नेपालमा सार्वजनिक साझा-कम्प्युटर/इन्टरनेट पहुँच केन्द्रका लागि सामान्य शब्द के प्रयोग गरिन्थ्यो?,साइबर क्याफे,"सन् १९९० को दशकमा नेपालमा सार्वजनिक साझा-कम्प्युटर/इन्टरनेट पहुँच केन्द्रका लागि सामान्य शब्द ""सार्वजनिक कम्प्युटर"" प्रयोग गरिन्थ्यो।",,
TEC059,Technology,Computing History,English,Which institute under Tribhuvan University played a key role in formally expanding computing/engineering education in Nepal?,Institute of Engineering (IOE),Institute of Engineering (IOE),,
TEC059,Technology,Computing History,Nepali,त्रिभुवन विश्वविद्यालय अन्तर्गतको कुन प्रतिष्ठानले नेपालमा कम्प्युटिङ/इन्जिनियरिङ शिक्षाको औपचारिक विस्तारमा प्रमुख भूमिका खेलेको थियो?,इन्जिनियरिङ अध्ययन संस्थान,त्रिभुवन विश्वविद्यालय अन्तर्गतको कान्ति प्रसाद बिर्ता संस्थानले नेपालमा कम्प्युटिङ/इन्जिनियरिङ शिक्षाको औपचारिक विस्तारमा प्रमुख भूमिका खेलेको थियो ।,,
TEC060,Technology,Computing History,English,"In Nepal's early IT commercialization period, what were shared public computer access shops commonly used for, besides browsing?",Email access and basic computer/typing training,"Besides browsing, shared public computer access shops in Nepal's early IT commercialization period were commonly used for:

* Email services
* Online job searching
* Online banking
* Bill payments
* Printing and photocopying documents
* Scanning and faxing documents
* Playing online games
* Watching online videos
* Creating and editing documents (e.g. word processing, spreadsheets)
* Making online reservations and bookings
* Accessing online educational resources",,
TEC060,Technology,Computing History,Nepali,"नेपालको प्रारम्भिक आईटी व्यावसायीकरण अवधिमा, ब्राउजिङ बाहेक साझा सार्वजनिक कम्प्युटर पहुँच पसलहरू सामान्यतया केका लागि प्रयोग हुन्थे?",इमेल पहुँच र आधारभूत कम्प्युटर/टाइपिङ तालिम,ब्राउजिङ बाहेक साझा सार्वजनिक कम्प्युटर पहुँच पसलहरू सामान्यतया इमेल सेवा प्रदान गर्थे ।,,
TEC061,Technology,Space & Satellite,English,What is the name of Nepal's first satellite launched into space?,NepaliSat-1,Nepal's first satellite is called NepaliSat-1.,,
TEC061,Technology,Space & Satellite,Nepali,अन्तरिक्षमा प्रक्षेपण गरिएको नेपालको पहिलो उपग्रहको नाम के हो?,नेपालीस्याट-१,नेपालको पहिलो उपग्रहको नाम रोशनी हो ।,,
TEC062,Technology,Space & Satellite,English,In which year was NepaliSat-1 launched?,2019,2015,,
TEC062,Technology,Space & Satellite,Nepali,नेपालीस्याट-१ कुन सालमा प्रक्षेपण गरिएको थियो?,सन् २०१९,सन् २०१४,,
TEC063,Technology,Space & Satellite,English,NepaliSat-1 was developed as part of a joint program involving which Japanese institution?,Kyushu Institute of Technology (Kyutech) - BIRDS project,Tohoku University,,
TEC063,Technology,Space & Satellite,Nepali,नेपालीस्याट-१ कुन जापानी संस्था संलग्न संयुक्त कार्यक्रमको हिस्साको रूपमा विकसित गरिएको थियो?,क्युशु प्रविधि संस्थान (क्युटेक) - बर्ड्स कार्यक्रम,नेपालीस्याट-१ जापानी संस्था जापान अटोमेटिक रेलवे कंपनी (जेएआर) संलग्न संयुक्त कार्यक्रमको हिस्साको रूपमा विकसित गरिएको थियो।,,
TEC064,Technology,Space & Satellite,English,From which platform was NepaliSat-1 deployed into orbit?,International Space Station (ISS),Plesetsk Cosmodrome,,
TEC064,Technology,Space & Satellite,Nepali,नेपालीस्याट-१ कुन प्लेटफर्महरू अन्तरिक्षमा प्रक्षेपण गरिएको थियो?,अन्तर्राष्ट्रिय अन्तरिक्ष स्टेशन (आईएसएस),नेपालीस्याट-१ को प्रक्षेपण गर्ने प्लेटफर्महरू: रूसी प्लेटफर्म बायरकोनुर र फ्रेन्च गिअर्स प्लेटफर्म कुरु,,
TEC065,Technology,Space & Satellite,English,What type of small satellite classification does NepaliSat-1 belong to?,CubeSat,CubeSat,,
TEC065,Technology,Space & Satellite,Nepali,नेपालीस्याट-१ कुन प्रकारको साना उपग्रह वर्गीकरणमा पर्दछ?,क्यूबस्याट,नेपालीस्याट-१ कुन प्रकारको साना उपग्रह वर्गीकरणमा पर्दछ? - स्विट्जरल्याण्डको साना उपग्रह वर्गीकरणमा पर्दछ ।,,
TEC066,Technology,Emerging Tech/AI,English,What broad term describes Nepal's growing interest in using chatbots and generative AI tools in education and business?,AI adoption / digital transformation,Digitalization,,
TEC066,Technology,Emerging Tech/AI,Nepali,शिक्षा र व्यवसायमा च्याटबोट तथा जेनेरेटिभ एआई उपकरण प्रयोग गर्ने नेपालको बढ्दो चासोलाई कुन फराकिलो शब्दले वर्णन गरिन्छ?,एआई अवलम्बन / डिजिटल रूपान्तरण,"नेपालको बढ्दो चासो ""डिजिटल ट्रान्सफार्मेसन"" हो ।",,
TEC067,Technology,Emerging Tech/AI,English,Nepal's National AI Policy was approved around which recent year?,2025,2022,,
TEC067,Technology,Emerging Tech/AI,Nepali,नेपालको राष्ट्रिय एआई नीति हालैको कुन सालतिर स्वीकृत भएको थियो?,सन् २०२५,नेपालको राष्ट्रिय एआई नीति २०७९ सालतिर स्वीकृत भएको थियो ।,,
TEC068,Technology,Emerging Tech/AI,English,Which broad sectors does Nepal's National AI Policy explicitly prioritize for AI development?,"Agriculture, health, education, and disaster management, among others","Healthcare, Education, Agriculture, and Financial Services.",,
TEC068,Technology,Emerging Tech/AI,Nepali,नेपालको राष्ट्रिय एआई नीतिले एआई विकासका लागि कुन फराकिला क्षेत्रहरूलाई स्पष्ट रूपमा प्राथमिकता दिएको छ?,"कृषि, स्वास्थ्य, शिक्षा, र विपद् व्यवस्थापन लगायत","नेपालको राष्ट्रिय एआई नीतिले एआई विकासका लागि स्वास्थ्य, शिक्षा, रोजगार, सामाजिक सुरक्षा र सामाजिक समावेशी विकासका क्षेत्रहरूलाई प्राथमिकता दिएको छ।",,
TEC069,Technology,Emerging Tech/AI,English,What is a commonly cited barrier to AI research and deployment specific to Nepal's context?,Limited Nepali-language digital data and infrastructure,Limited access to high-quality data and lack of robust digital infrastructure.,,
TEC069,Technology,Emerging Tech/AI,Nepali,नेपालको सन्दर्भमा एआई अनुसन्धान तथा प्रयोगमा सामान्यतया उल्लेख गरिने अवरोध के हो?,सीमित नेपाली-भाषा डिजिटल डेटा तथा पूर्वाधार,"नेपालमा एआई अनुसन्धान तथा प्रयोगमा सामान्यतया उल्लेख गरिने अवरोध नेपाल सरकारद्वारा निर्मित नेपाल कानून, २०७२ (नेपाल संविधान, २०७२ को अन्तर्गत) अनुसार नेपालमा एआई अनुसन्धान तथा प्रयोगमा सामान्यतया उल्लेख गरिने अवरोध नेपाल सरकारद्वारा निर्मित नेपाल कानून, २०७२ (नेपाल संविधान, २०७",,
TEC070,Technology,Emerging Tech/AI,English,"Which type of institutions in Nepal have begun deploying AI-driven chatbots for customer service, according to recent reports?",Banks and financial institutions,Banks and insurance companies.,,
TEC070,Technology,Emerging Tech/AI,Nepali,हालैका प्रतिवेदनहरू अनुसार नेपालमा कुन प्रकारका संस्थाहरूले ग्राहक सेवाका लागि एआई-सञ्चालित च्याटबोट प्रयोग सुरु गरेका छन्?,बैंक तथा वित्तीय संस्थाहरू,"नेपालमा बैंक, बीमा संस्था र विभिन्न क्षेत्रका व्यवसायी संस्थाहरूले ग्राहक सेवाका लागि एआई-सञ्चालित च्याटबोट प्रयोग सुरु गरेका छन्।",,
MIS001,Miscellaneous,National Symbols,English,What is unique about the shape of Nepal's national flag compared to all other national flags in the world?,It is the only non-quadrilateral (non-rectangular) national flag in the world,The shape of Nepal's national flag is unique in that it is the only non-quadrilateral national flag in the world.,,
MIS001,Miscellaneous,National Symbols,Nepali,विश्वका अन्य सबै राष्ट्रिय झण्डाहरूको तुलनामा नेपालको राष्ट्रिय झण्डाको आकारमा के अनौठोपन छ?,यो विश्वको एकमात्र गैर-चतुर्भुज (गैर-आयताकार) राष्ट्रिय झण्डा हो,नेपालको राष्ट्रिय झण्डाको आकारमा अनौठोपन छ कि यो विश्वका अन्य सबै राष्ट्रिय झण्डाहरू भन्दा थ्राईकोलर आकारमा छ।,,
MIS002,Miscellaneous,National Symbols,English,What is Nepal's national bird?,Himalayan monal (Danphe),Danphe (Impeyan Pheasant),,
MIS002,Miscellaneous,National Symbols,Nepali,नेपालको राष्ट्रिय चरा के हो?,डाँफे,नेपालको राष्ट्रिय चरा डोको डोको हो ।,,
MIS015,Miscellaneous,National Symbols,English,"What theme, reflected in the national anthem's title referencing 'hundreds of flowers,' represents Nepal's cultural composition?",Ethnic and cultural diversity and unity,Unity in diversity.,,
MIS015,Miscellaneous,National Symbols,Nepali,राष्ट्रिय गानको शीर्षकमा 'सयौं थुँगा' भन्ने सन्दर्भबाट झल्किने कुन विषयवस्तुले नेपालको सांस्कृतिक बनावटको प्रतिनिधित्व गर्दछ?,जातीय तथा सांस्कृतिक विविधता र एकता,राष्ट्रिय गानको शीर्षकमा 'सयौं थुँगा' भन्ने सन्दर्भबाट झल्किने विषयवस्तु नेपालको सांस्कृतिक बनावटको प्रतिनिधित्व गर्दछ कि नेपालमा विविधता र समानता छ।,,
MIS016,Miscellaneous,Calendar & Time,English,What is the official calendar system used in Nepal for government and legal purposes?,Bikram Sambat (BS),The Bikram Sambat (BS) calendar system.,,
MIS016,Miscellaneous,Calendar & Time,Nepali,नेपालमा सरकारी तथा कानुनी प्रयोजनका लागि प्रयोग गरिने आधिकारिक पात्रो प्रणाली के हो?,विक्रम सम्वत्,नेपालमा सरकारी तथा कानुनी प्रयोजनका लागि प्रयोग गरिने आधिकारिक पात्रो प्रणाली नेपाली नागरिक पात्रो प्रणाली हो ।,,
MIS017,Miscellaneous,Calendar & Time,English,In which Gregorian-calendar month does the Nepali New Year typically fall?,Mid-April,Baisakh (April-May),,
MIS017,Miscellaneous,Calendar & Time,Nepali,नेपाली नयाँ वर्ष सामान्यतया ग्रेगोरियन पात्रोको कुन महिनामा पर्दछ?,मध्य अप्रिल,नेपाली नयाँ वर्ष सामान्यतया ग्रेगोरियन पात्रोको चैत महिनामा पर्दछ।,,
MIS018,Miscellaneous,Calendar & Time,English,What is Nepal's standard time zone offset from UTC?,UTC+5:45,UTC+5:45,,
MIS018,Miscellaneous,Calendar & Time,Nepali,नेपालको मानक समय क्षेत्र UTC भन्दा कति फरक हुन्छ?,यूटीसी+५:४५,नेपालको मानक समय क्षेत्र UTC भन्दा ५४५ मिनेट फरक हुन्छ।,,
MIS019,Miscellaneous,Calendar & Time,English,Why is Nepal's time zone offset unusual compared to most countries?,It uses a 45-minute offset instead of a standard hour-based offset,"Nepal's time zone offset is unusual because it is 15 minutes and 41 seconds ahead of India's time zone, which is 5 hours and 30 minutes ahead of UTC.",,
MIS019,Miscellaneous,Calendar & Time,Nepali,नेपालको समय क्षेत्र फरक अधिकांश देशहरूको तुलनामा किन असामान्य छ?,यसले मानक घण्टा-आधारित फरकको सट्टा ४५ मिनेटको फरक प्रयोग गर्दछ,नेपालको समय क्षेत्र फरक देशहरूको तुलनामा असामान्य छ किनकि नेपालले भारतको समय क्षेत्रलाई पालन गर्दै भारतको समय क्षेत्रलाई पालन गर्दै भारतको समय क्षेत्रलाई पालन गर्दै भारतको समय क्षेत्रलाई पालन गर्दै भारतको समय क्षेत्रलाई पालन गर्दै भारतको समय क्षेत्रलाई पालन गर्दै भारतको समय क्षेत्रलाई पालन गर्दै भारतको समय,,
MIS025,Miscellaneous,Calendar & Time,English,Nepal officially celebrates its New Year holiday according to which calendar system?,Bikram Sambat calendar,"Nepal officially celebrates its New Year holiday according to the Bikram Sambat calendar system, also known as the Vikram Samvat calendar.",,
MIS025,Miscellaneous,Calendar & Time,Nepali,नेपालले आफ्नो नयाँ वर्षको बिदा आधिकारिक रूपमा कुन पात्रो प्रणाली अनुसार मनाउँछ?,विक्रम सम्वत् पात्रो,नेपालले आफ्नो नयाँ वर्षको बिदा आधिकारिक रूपमा नेपाली पात्रो प्रणाली अनुसार मनाउँछ।,,
MIS026,Miscellaneous,Sports,English,In which international multi-sport event does Nepal regularly compete alongside other South Asian nations?,South Asian Games (SAG),South Asian Games,,
MIS026,Miscellaneous,Sports,Nepali,अन्य दक्षिण एसियाली राष्ट्रहरूसँगै नेपालले नियमित रूपमा भाग लिने अन्तर्राष्ट्रिय बहु-खेल आयोजना कुन हो?,दक्षिण एसियाली खेलकुद (साग),एशियन खेल,,
MIS027,Miscellaneous,Sports,English,In which year did Nepal first participate in the Olympic Games?,1964 (Tokyo),"2052 (as an independent country), 1964 (as part of the Indian team)",,
MIS027,Miscellaneous,Sports,Nepali,नेपालले पहिलोपटक ओलम्पिक खेलकुदमा कुन सालमा सहभागिता जनाएको थियो?,सन् १९६४ (टोकियो),सन् १९६४,,
MIS028,Miscellaneous,Sports,English,Nepali Olympic athletes have historically competed most often in which individual/combat sport category?,Taekwondo and boxing (among individual combat sports),Archery,,
MIS028,Miscellaneous,Sports,Nepali,नेपाली ओलम्पिक खेलाडीहरूले ऐतिहासिक रूपमा कुन व्यक्तिगत/मुक्केबाजी-प्रकारको खेल श्रेणीमा बढी सहभागिता जनाएका छन्?,तेक्वान्दो र बक्सिङ (व्यक्तिगत मुक्केबाजी खेलहरू मध्ये),मुक्केबाजी,,
MIS033,Miscellaneous,Sports,English,What is the governing body for cricket in Nepal?,Cricket Association of Nepal (CAN),Nepal Cricket Association (NCA),,
MIS033,Miscellaneous,Sports,Nepali,नेपालमा क्रिकेटको नियमन गर्ने निकाय कुन हो?,क्रिकेट संघ नेपाल (क्यान),नेपालमा क्रिकेटको नियमन गर्ने निकाय नेपाल क्रिकेट प्रतिभुत्व विकास समिति हो ।,,
MIS034,Miscellaneous,Sports,English,Nepal's national football team competes in tournaments organized under which continental football confederation?,Asian Football Confederation (AFC),AFC (Asian Football Confederation),,
MIS034,Miscellaneous,Sports,Nepali,नेपालको राष्ट्रिय फुटबल टोली कुन महाद्वीपीय फुटबल महासंघ अन्तर्गत आयोजित प्रतियोगितामा प्रतिस्पर्धा गर्दछ?,एसियाली फुटबल महासंघ (एएफसी),एएफसी,,
MIS035,Miscellaneous,Sports,English,"What is the name of Nepal's largest multi-purpose sports stadium, located in Kathmandu?",Dasharath Rangasala Stadium,Dasarath Stadium,,
MIS035,Miscellaneous,Sports,Nepali,काठमाडौंमा अवस्थित नेपालको सबैभन्दा ठूलो बहुउद्देश्यीय खेलकुद रंगशालाको नाम के हो?,दशरथ रंगशाला,काठमाडौंमा अवस्थित नेपालको सबैभन्दा ठूलो बहुउद्देश्यीय खेलकुद रंगशालाको नाम नेपाल रंगशाला हो ।,,
MIS036,Miscellaneous,UNESCO & Records,English,How many UNESCO World Heritage Sites does Nepal currently have?,Four,7,,
MIS036,Miscellaneous,UNESCO & Records,Nepali,नेपालमा हाल कति युनेस्को विश्व सम्पदा स्थलहरू छन्?,चार,नेपालमा ८ युनेस्को विश्व सम्पदा स्थलहरू छन् ।,,
MIS037,Miscellaneous,UNESCO & Records,English,Which UNESCO World Heritage Site in Nepal is recognized as the birthplace of Gautam Buddha?,Lumbini,Lumbini,,
MIS037,Miscellaneous,UNESCO & Records,Nepali,नेपालको कुन युनेस्को विश्व सम्पदा स्थललाई गौतम बुद्धको जन्मस्थलको रूपमा मान्यता दिइएको छ?,लुम्बिनी,लुम्बिनी,,
MIS046,Miscellaneous,Notable Events & Firsts,English,Who were the first two climbers to summit Mount Everest?,Edmund Hillary and Tenzing Norgay,Tenzing Norgay and Sir Edmund Hillary.,,
MIS046,Miscellaneous,Notable Events & Firsts,Nepali,सगरमाथा आरोहण गर्ने पहिलो दुई आरोहीहरू को थिए?,एडमन्ड हिलारी र तेन्जिङ नोर्गे,एडमंड हिलरी र टेनजिंग नोर्के,,
MIS047,Miscellaneous,Notable Events & Firsts,English,In which year did Hillary and Tenzing Norgay first summit Mount Everest?,1953,1953,,
MIS047,Miscellaneous,Notable Events & Firsts,Nepali,हिलारी र तेन्जिङ नोर्गेले कुन सालमा पहिलोपटक सगरमाथा आरोहण गरेका थिए?,सन् १९५३,सन् १९६३,,
MIS048,Miscellaneous,Notable Events & Firsts,English,In which year did Nepal transition from a monarchy to a federal democratic republic?,2008,2015,,
MIS048,Miscellaneous,Notable Events & Firsts,Nepali,नेपाल राजतन्त्रबाट संघीय लोकतान्त्रिक गणतन्त्रमा कुन सालमा रूपान्तरण भयो?,सन् २००८,२०७४ सालमा,,
MIS049,Miscellaneous,Notable Events & Firsts,English,In which year was Nepal's current constitution promulgated?,2015,2015,,
MIS049,Miscellaneous,Notable Events & Firsts,Nepali,नेपालको हालको संविधान कुन सालमा जारी गरिएको थियो?,सन् २०१५,२०७२ सालमा जारी गरिएको थियो ।,,
MIS055,Miscellaneous,Notable Events & Firsts,English,"What roughly decade-long armed conflict, ending in 2006, significantly affected Nepal's political landscape?",Nepalese Civil War (Maoist insurgency),The Maoist Insurgency (1996-2006),,
MIS055,Miscellaneous,Notable Events & Firsts,Nepali,सन् २००६ मा अन्त्य भएको लगभग एक दशकसम्म चलेको कुन सशस्त्र द्वन्द्वले नेपालको राजनीतिक परिदृश्यलाई उल्लेख्य रूपमा प्रभावित पार्‍यो?,नेपाली गृहयुद्ध (माओवादी सशस्त्र द्वन्द्व),माओवादी द्वन्द्व,,
MIS056,Miscellaneous,Culture & Society,English,"Approximately how many languages are spoken across Nepal, according to national census data?",Over 120 languages,123,,
MIS056,Miscellaneous,Culture & Society,Nepali,राष्ट्रिय जनगणना तथ्याङ्क अनुसार नेपालभर लगभग कति भाषाहरू बोलिन्छन्?,१२० भन्दा बढी भाषाहरू,नेपालभर लगभग १२५ भाषाहरू बोलिन्छन् ।,,
MIS057,Miscellaneous,Culture & Society,English,What is the official language of Nepal used for government administration?,Nepali,Nepali,,
MIS057,Miscellaneous,Culture & Society,Nepali,नेपालको सरकारी प्रशासनमा प्रयोग हुने आधिकारिक भाषा के हो?,नेपाली,नेपाली भाषा,,
MIS058,Miscellaneous,Culture & Society,English,"Nepal is often described as a multi-ethnic, multi-lingual, and what other type of society, reflecting its many faith traditions?",Multi-religious,multi-religious,,
MIS058,Miscellaneous,Culture & Society,Nepali,"नेपाललाई प्रायः बहु-जातीय, बहु-भाषिक, र यसका विभिन्न धार्मिक परम्पराहरूलाई झल्काउने अर्को कस्तो समाजको रूपमा वर्णन गरिन्छ?",बहु-धार्मिक,"नेपाललाई प्रायः बहु-जातीय, बहु-भाषिक, र यसका विभिन्न धार्मिक परम्पराहरूलाई झल्काउने अर्को कस्तो समाजको रूपमा वर्णन गरिन्छ सांस्कृतिक समाज।",,
MIS059,Miscellaneous,Culture & Society,English,Which two religions are practiced by the largest proportions of Nepal's population?,Hinduism and Buddhism,Hinduism and Buddhism.,,
MIS059,Miscellaneous,Culture & Society,Nepali,नेपालको जनसंख्याको सबैभन्दा ठूलो हिस्साले कुन दुई धर्म अभ्यास गर्दछ?,हिन्दू धर्म र बौद्ध धर्म,हिन्दु र मुस्लिम,,
MIS060,Miscellaneous,Culture & Society,English,In which script is the Nepali language traditionally written?,Devanagari script,Devanagari script,,
MIS060,Miscellaneous,Culture & Society,Nepali,नेपाली भाषा परम्परागत रूपमा कुन लिपिमा लेखिन्छ?,देवनागरी लिपि,नेपाली भाषा परम्परागत रूपमा नेवारी लिपिमा लेखिन्छ ।,,
