Question ID,Nepali Question,Gold Answer (Nepali),Gemma Answer (Nepali)
ECO001,नेपालको आधिकारिक मुद्रा के हो?,नेपाली रुपैयाँ,"नेपालको आधिकारिक मुद्रा रुपैयाँ (Nepali Rupees) हो। यसलाई 'NPR' ले सार्छ।
"
ECO002,नेपाली रुपैयाँको ISO 4217 मुद्रा कोड के हो?,NPR,नेपाली रुपैयाँको ISO 4217 मुद्रा कोड NPR हो।
ECO007,नेपाल बैंक लिमिटेड कुन सालमा स्थापना भएको थियो?,सन् १९३७ (वि.सं. १९९४),"नेपाल बैंक लिमिटेड फाल्गाबाहा नगरपालिका, भक्तकञ्चनपर्वतमा १९४६ सालको पौष १६ गते स्थापना भएको थियो।"
ECO008,हाल नेपाल राष्ट्र बैंकको स्थापना र कार्यलाई कुन ऐनले नियमन गर्दछ?,"नेपाल राष्ट्र बैंक ऐन, २०५८","हाल नेपाल राष्ट्र बैंकको स्थापना र कार्यलाई मुख्य रूपमा निम्न ऐनहरूले नियमन गर्दछ:

1.  **नेपाल राष्ट्र बैंक ऐ, २०४७:** यो ऐन राष्ट्र बैंकको आधारभूत संरचना, कार्य, जिम्मेवारी र संगठनको खा定 प्रदान गर्दछ।
2.  **मुद्रास्फीति व्यवस्थापन ऐ, २०६३:** यो ऐन मुद्राको मूल्य स्थिरता सुनिश्चित गर्न राष्ट्र बैंकको भूमिका र कार्यहरूलाई नियमन गर्दछ।
3.  **बैंकर्स ऐ, २०६३:** यो ऐन बैंकहरूको परिचालन र व्यवस्थापन सम्बन्धी नियमहरूको व्यवस्था गर्दछ, राष्ट्र बैंक सहित।
4.  **नेपाल राष्ट्र बैंकको वित्तीय कार्यaksanaan ऐ, २०७४:** यस ऐनले राष्ट्र बैंकको वित्तीय कार्यaksanaan सम्बन्धी व्यवस्था गरेको छ।

यसअघिका ऐनहरू जस्तै ‘नेपाल राष्ट्र बैंक ऐ, १९९१’ र ‘बैंकर्स ऐ, १९९१’ पनि अहिले पनि लागू छन्।

यी ऐनहरूले राष्ट्र बैंकको स्थापना, सञ्चालन, वित्तीय प्रणालीको नियमन, मौद्रिक नीति कार्यान्वयन, बैंकहरूको सुपरिवेक्षण र वित्तीय स्थिरता कायम राखेमाथिको भूमिका निर्वाह गर्दछ।"
ECO009,नेपाल बैंक लिमिटेड पछि स्थापना भएको पहिलो पूर्ण सरकारी स्वामित्वको व्यावसायिक बैंक कुन हो?,राष्ट्रिय बाणिज्य बैंक,"नेपाल बैंक लिमिटेड पछि स्थापना भएको पहिलो पूर्ण सरकारी स्वामित्वको व्यावसायिक बैंक 'स証 बैंक' (स証 राष्ट्र बैंक) हो। 

नेपाल बैंक लिमिटेड २०४६ साल मा स्थापना भएको थियो, तर स証 बैंक २०५३ साल मा स्थापना भएको थियो। स証 बैंकले व्यावसायिक बैंकिङ सेवा सञ्चालन थालनी गरेको पहिलो बैंक हो।"
ECO010,राष्ट्रिय बाणिज्य बैंक कुन सालमा स्थापना भएको थियो?,सन् १९६६ (वि.सं. २०२२),राष्ट्रिय बाणिज्य बैंक ( नेशनल कमर्शियल बैंक )२०४७ साल चैत ११ को मितिले स्थापना भएको थियो।
ECO011,"नेपाली रुपैयाँको सबैभन्दा सानो परम्परागत उपएकाइ, जुन रुपैयाँको एक-सयौं भाग हो, के हो?",पैसा,"नेपाली रुपैयाँको सबैभन्दा सानो परम्परागत उपएकाइ ""चाना"" हो। 

एक रुपैयाँलाई १०० पाना बनाउँछ, र एक पानालाई १०० चाना बनाउँछ। त्यसैले, एक चाना भनेको रुपैयाँको एक-सयौं भाग हो।
"
ECO012,नेपालमा व्यावसायिक बैंक तथा वित्तीय संस्थाहरूको नियमन कुन सरकारी निकायले गर्दछ?,नेपाल राष्ट्र बैंक,"नेपालमा व्यावसायिक बैंक तथा वित्तीय संस्थाहरूको नियमन नेपाल राष्ट्र बैंक (नेभि) ले गर्दछ। नेभि नेपालको केन्द्रीय बैंक हो र वित्तीय प्रणालीको स्थिरता राखेको छ। यसले बैंकहरू र अन्य वित्तीय संस्थाहरूको परिचालन, लगानी, र जोखिम व्यवस्थापनलाई नियमन गर्दछ। 

नेभिको मुख्य कार्यहरू मध्ये केही यस प्रकार छन्:

*   बैंकहरूको इजाजतनामा दिने र नियमन गर्ने
*   बैंकहरूले कायम गर्ने पूँजीको न्यूनतम स्तर निर्धारण गर्ने
*   बैंकहरूको नाफा र घाटाको निगरानी गर्ने
*   वित्तीय प्रणालीमा स्थिरता कायम राख्ने
*   बैंकहरूबीचको प्रतिस्पर्धालाई नियमन गर्ने

अधिक जानकारीको लागि, तपाईं नेपाल राष्ट्र बैंकको आधिकारिक वेबसाइट ([https://www.nbn.gov.np/](https://www.nbn.gov.np/)) मा जान्न सक्नुहुन्छ।"
ECO013,नेपाली रुपैयाँ जनाउन सामान्यतया कुन नेपाली चिन्ह प्रयोग गरिन्छ?,रू,"नेपाली रुपैयाँ जनाउन सामान्यतया कुन नेपाली चिन्ह प्रयोग गरिन्छ?

नेपाली रुपैयाँ जनाउनको लागि प्रयोग हुने मुख्य चिन्हहरू यसहरू हुन्:

*   **ரூ' (Rs)**: यो चिन्हले नेपाली रुपैयाँको संक्षिप्त रूप जनाउँछ। यसलाई 'रू' पनि भनिन्छ।
*   **NPR**: यो अप्सीयनि (ISO) कोड हो, जसले नेपाली रुपैयाँलाई संसारमा जनाउँछ।

उदाहरणको रूपमा:

*   ""लागत: रु' १०००""
*   ""किराया NPR मा रु' ३०००""

यी चिन्हहरू नेपालीमा रुपैयाँको मूल्य बुझ्न र बोल्न सजिलो बनाउँछन्।"
ECO014,हाल नेपाल राष्ट्र बैंकले जारी गर्ने सबैभन्दा सानो अंकको नोट कुन हो?,पाँच रुपैयाँको नोट,"हाल नेपाल राष्ट्र बैंकले जारी गर्ने सबैभन्दा सानो अंकको नोट १०० रुपैयाँको हो।
"
ECO015,"नेपालको मुद्रा प्रणाली दशमलव प्रणालीमा आधारित छ, एक रुपैयाँ बराबर कति पैसा हुन्छ?",१००,"नेपालको मुद्रा प्रणाली दशमलव प्रणालीमा आधारित छ भन्नाले एक रुपैयाँ बराबर १०० पैसा हुन्छ। 

नेपाली मुद्रामा यस्तो प्रणाली छ:
*   १ रुपैयाँ = १०० पैसा
*   ५ रुपैयाँ = ५०० पैसा
*   १० रुपैयाँ = १००० पैसा
त्यसैले, एक रुपैयाँ बराबर १०० पैसा हुन्छ।"
ECO016,नेपालको एकमात्र धितोपत्र बजारको नाम के हो?,नेपाल स्टक एक्सचेन्ज (नेप्से),नेपालको एकमात्र धितोपत्र बजार ‘नेपाल धितोपत्र ब्यापार लिमिटेड’ (nepal stock and security limited- NSSL) हो। यसलाई संक्षेपमा ‘नेप्सेल’ (Nepsel) पनि भनिन्छ।
ECO017,नेप्से हालको स्वरूपमा कुन सालमा स्थापना भएको थियो?,सन् १९९३,"नेप्से हालको स्वरूपमा १९५१ साल मा स्थापना भएको थियो। यसमा बैंक, वित्तीय तथा बीमा संस्थाहरूको एकीकृत व्यवस्थापन गर्ने कार्य प्रारम्भ गरिएको थियो।"
ECO018,सन् १९७६ मा स्थापना भएको नेप्सेको पूर्ववर्ती संस्था कुन थियो?,धितोपत्र विनिमय केन्द्र,"सन् १९७६ मा स्थापना भएको नेप्सेको पूर्ववर्ती संस्था नेपाल Securities Exchange Limited (NSL) थियो। नेप्से यसको उत्तराधिकारी हो। NSL ले १९७६ मा शेयर बजारको सुरुवात गरेको थियो, तर यसले धेरै समस्याहरूको सामना गर्दा गर्दा नेप्सेको स्थापना भएको थियो।
"
ECO019,नेपालमा धितोपत्र बजारको नियमन कुन सरकारी निकायले गर्दछ?,धितोपत्र बोर्ड नेपाल (सेबोन),"नेपालमा धितोपत्र बजारको नियमन नेपाल धितोपत्र बोर्ड (NEPSE) ले गर्दछ। यो बोर्ड दुई मुख्य कार्यहरू सम्पादन गर्दछ:

*   **धितोपत्र बजारको नियमन:** धितोपत्र बजारको कार्यसम्पादन, सुरक्षा र दक्षता सुनिश्चित गर्न नियमहरूको पालना गराउनु।
*   **गुणात्मक नियमन:** विभिन्न वित्तीय संस्था र व्यक्तिहरूको गतिविधि निगरानी र अनुगमन गर्नु।

नेपाल धितोपत्र बोर्डले धितोपत्रको कारोबार, लगानीकर्ता संरक्षण, र बजारको स्थिरताको लागि नियम बनाउँछ र उनका कार्यान्वयन गर्दछ। यसले धितोपत्र बजारको विकास र प्रवर्धन पनि गर्दछ।"
ECO020,धितोपत्र बोर्ड नेपाल (सेबोन) कुन सालमा स्थापना भएको थियो?,सन् १९९३,"धितोपत्र बोर्ड नेपाल (सेबोन) चैत ११, २०४८ (सन् २०१९) मा स्थापना भएको थियो। यसले नेपालमा दिगो र पारदर्शी दिगोपत्र प्रणालीको विकास, प्रबर्ति, नियमन तथा समन्वय गरिरहेको छ।"
ECO021,नेपाल स्टक एक्सचेन्जको मानक सूचकांकलाई के भनिन्छ?,नेप्से परिसूचक,नेपाल स्टक एक्सचेन्ज (NEPSE) को मानक सूचकांकलाई **NEPSE Index** भनिन्छ। यो सूचकांकले स्टक एक्सचेन्जमा कारोबार हुने विभिन्न कम्पनीको शेयरको औसत मूल्यलाई मापन गर्छ। यसको प्रयोगले शेयर बजारको समग्र प्रदर्शनको जानकारी दिन्छ।
ECO022,नेपाल स्टक एक्सचेन्ज भौतिक रूपमा कुन शहरमा अवस्थित छ?,काठमाडौं (सिंहदरबार प्लाजा),नेपाल स्टक एक्सचेन्ज काठमाडौंमा अवस्थित छ। यसको आधिकारिक मुखाडा (Headquarters) थिपाल्डुस्थित कार्यालय सडकमा छ।
ECO023,नेप्सेले हाल शेयर किनबेच गर्न कस्तो प्रकारको ट्रेडिङ प्रणाली प्रयोग गर्छ?,पूर्ण स्वचालित अनलाइन कारोबार प्रणाली,"नेप्सेले हाल शेयर किनबेच गर्न मुख्यतया निम्न ट्रेडिङ प्रणाली प्रयोग गर्छ:

*   **ओपन ऑडर (Open Order):** यो सबैभन्दा सामान्य प्रणाली हो। यसमा व्यापारीले आफ्नो इष्टतम मूल्य (यस्तो मूल्यमा किन्न वा बेच्न चाहेको हुन्छ) र मात्रा निर्दिष्ट गरी अर्डर दिन्छन्। नेप्सेले त्यो अर्डर पूरा भएपछि शेयर खरीद वा बेच्छ।
*   **लिमिट ऑडर (Limit Order):** व्यापारीले आफ्नो इष्टतम मूल्यभन्दा माथिको वा तलको मूल्यमा शेयर किन्न वा बेच्न अर्डर दिन्छन्। यसले निश्चित मूल्यमा शेयर खरिद वा विक्री गर्ने अवसर दिन्छ।
*   **मार्केट ऑडर (Market Order):** यस अर्डरमा व्यापारीले अहिले नै उपलब्ध मूल्यमा शेयर किन्न वा बेच्न चाहेको हुन्छ। यो अर्डरले तत्कालै शेयर खरिद वा विक्री गर्छ, तर मूल्यले निर्धारण गर्दछ।
*   **स्टोप्लॉस अर्डर (Stop Loss Order):** यो अर्डरले शेयरको मूल्य निश्चित स्तरमा झूल्यो भने स्वचालित रूपमा बेच्न सInstruct गर्छ। यसले व्यापारीको जोखिम सचेत गराउँछ।
*   **ट्रेलिंग स्टोप्प (Trailing Stop):** यसअर्डरले स्टोप्प्स अर्डरको रूपमा काम गर्दछ, तर शेयरको मूल्य बढ्दा स्वचालित रूपमा अर्डरको मूल्य पनि बढाउँछ।

**डिजिटल ट्रेडिङ प्रणाली:**

नेप्सेले डिजिटल माध्यमबाट ट्रेडिङ गर्नका लागि पनि विभिन्न प्रविधि प्रयोग गर्छ:

*   **नेप्सेमाई (Nepsemai):** यो नेप्सेको आधिकारिक मोबाइल एप हो, जसबाट व्यापारीहरूले अर्डर दिउन र आफ्नो पोर्टफोलियो हेर्न सक्छन्।
*   **नेप्से वेब्याट (Nepse Webat):** यसले व्यापारीहरूलाई वेबसाइट मार्फत ट्रेडिङ गर्न अनुमति दिन्छ।
*   **थर्ड पार्टी ब्रोकरहरू:** नेप्सेले विभिन्न ब्रोकरहरूलाई पनि ट्रेडिङ गर्न अनुमति दिएको छ, जसले व्यापारीहरूलाई ट्रेडिङमा मद्दत गर्छन्।

यी प्रणालीहरूले नेप्सेको ट्रेडिङ प्रक्रियालाई व्यवस्थित र कुशलतापूर्वक चलाउन मद्दत गर्छन्।"
ECO024,नेप्सेमा सूचीकृत कम्पनीहरूको संख्यामा परम्परागत रूपमा कुन क्षेत्रको बाहुल्य छ?,बैंक तथा वित्तीय क्षेत्र,"नेप्सेमा (NEPSE) मा सूचीकृत कम्पनीहरूको संख्यामा परम्परागत रूपमा वित्तीय क्षेत्रको बाहुल्य रहेको छ। 

२०७९ पुस मसान्त सम्ममा, नेप्सेमा मा सूचीकृत कुल ३४४ कम्पनीमध्ये, वित्तीय क्षेत्रमा १२० कम्पनी रहेका छन्। त्यसपछि ऊर्जा र विकास बैंक क्षेत्र क्रमशः ९० र ७० कम्पनीको संख्यामा छन्। अन्य क्षेत्रहरूमा भने धेरै कम्पनी छैनन्।

यो तथ्याङ्कले नेप्सेमा मा वित्तीय क्षेत्रको प्रभुत्व रहेको स्पष्ट रूपमा देखाउँछ।"
ECO025,नेप्से कारोबारमा प्रयोग हुने एक शेयर एकाइको अनौपचारिक नेपाली शब्द के हो?,कित्ता,"नेप्से कारोबारमा प्रयोग हुने एक शेयर एकाइलाई अनौपचारिक रूपमा 'इकाई' वा 'स्टक' भनिन्छ। धेरैजसो व्यापारी र लगानीकर्ताहरू यसलाई 'इकाई' भन्ने कुरालाई नै प्रयोग गर्छन्। 'स्टक' पनि कहिलेकाँही प्रयोग हुन्छ, तर 'इकाई' बढी प्रचलित छ।"
ECO026,नेपालको जीडीपीलाई सामान्यतया कुन तीन फराकिला क्षेत्रमा विभाजन गरिन्छ?,"कृषि, उद्योग, र सेवा","नेपालको जीडीपीलाई सामान्यतया तीन प्रमुख फराकिला क्षेत्रमा विभाजन गरिन्छ:

1.  **सेवा क्षेत्र (Service Sector):** यस क्षेत्रमा जस्तो कि वित्त, बीमा, सञ्चार, पत्राचार, यातायात, पर्यटन, सूचना प्रज्ञापक प्रविधि (Information Technology), र शिक्षा तथा स्वास्थ्य सेवा पर्दछ। नेपालको जीडीपीको दोस्रो भन्दा ठूलो भाग यो क्षेत्रले ओगराउँछ।

2.  **उद्योग क्षेत्र (Industrial Sector):** यसमा कृषि प्रशोधन उद्योग, जलविद्युत्, कूटनीति, र निर्माण कार्यहरू समावेश छन्। यो क्षेत्र जीडीपीको लगभग २०% प्रतिनिधित्व गर्छ।

3.  **कृषि क्षेत्र (Agricultural Sector):** यस क्षेत्रले जीडीपीको लगभग २०% योगदान गर्छ। कृषि क्षेत्रमा धान, गहुँ, दाल, फलफूल, र हरियोभोज्य बाली लगायतका उत्पादनहरू समावेश छन्।

यी तीनवटै क्षेत्र नेपालको आर्थिक विकासमा महत्वपूर्ण भूमिका खेल्छन्।"
ECO027,नेपालको श्रमशक्तिको सबैभन्दा ठूलो हिस्सा कुन क्षेत्रमा कार्यरत छ?,कृषि,"नेपालको श्रमशक्तिको सबैभन्दा ठूलो हिस्सा कृषि क्षेत्रमा कार्यरत छ। कृषि क्षेत्रले कुल रोजगारको ४८.१ प्रतिशत प्रतिनिधित्व गर्छ। यस क्षेत्रमा किसानलगायत कृषि श्रमिकहरू पर्दछन्। 

त्यसपछि, उद्योग, वाणिज्य रसेवा क्षेत्र क्रमशः २७.५ प्रतिशत र १२.४ प्रतिशतले रोजगारमा रहेका छन्। अन्य क्षेत्रहरू जस्तै मत्स्य, पर्यटन, र पूर्वाधार क्षेत्र पनि श्रमशक्तिको एक हिस्सा हुन्।"
ECO028,संयुक्त राष्ट्रसंघले नेपालको आर्थिक विकास स्थितिका लागि परम्परागत रूपमा कुन वर्गीकरण प्रयोग गर्दै आएको छ?,अति कम विकसित मुलुक (एलडीसी),"संयुक्त राष्ट्रसंघले नेपालको आर्थिक विकास स्थितिका लागि परम्परागत रूपमा विकासको सूचकहरू (Development Indicators) प्रयोग गर्दछ। यी सूचकहरूलाई आधारभूत वर्गीकरणमा निम्न अनुसार विभाजन गरिन्छ:

**१. मानव विकास सूचकाङ्कहरू (Human Development Index - HDI):**
संयुक्त राष्ट्रसंघले नेपाललाई मानव विकासको दृष्टिकोणले हेर्दै HDI मा मूल्याङ्कन गर्दछ। यो सूचकाङ्कले जीवनको प्रत्याशा, शिक्षा र प्रति capitaकोत्तरीस आम्दानी जस्ता कुराहरूमा नेपालको प्रगति मापन गर्दछ। हालसम्म, नेपाल HDI मा मध्यम विकासक्रममा छ।

**२. आयको वर्गीकरण (Income Classification):**
संयुक्त राष्ट्रसंघले देशहरूको आयको वर्गीकरणलाई आधार बनाउँछ। यो वर्गीकरणले देशको कूल आयको स्तर निर्धारण गर्दछ।
*   **कम आयको देश (Low Income Country):** नेपाललाई हाल संयुक्त राष्ट्रसंघले कम आयको देशमा वर्गीकृत गरेको छ। यसमा निम्न कुरा समावेश हुन्छ:
    *   per capitaकोत्तरीस आय $१,१८४० माझै रहने।
    *   शून्य दशमलव ९४ भन्दा कम GDP per capita माझै रहने।
*   यो वर्गीकरणले नेपालले विकासका लागि थप प्रयास गर्नुपर्ने आवश्यकतालाई जोड दिन्छ।

**३. सामाजिक विकास सूचकाङ्कहरू (Social Development Indicators):**
संयुक्त राष्ट्रसंघले शिक्षा, स्वास्थ्य, पोषण, जताततै सुत्केरीको मृत्युदर, बाल मृत्युदर लगायतका सामाजिक विकासको सूचकहरूमा पनि नेपालको प्रगति मूल्याङ्कन गर्दछ।

**४. अन्य सूचकहरू:**
संयुक्त राष्ट्रसंघले नेपालको आर्थिक विकासमाथि प्रभाव पार्ने अन्य सूचकहरू पनि प्रयोग गर्दछ, जस्तै:
*   बेरोजगारीको दर
*   ग्रामीण विकासको दर
*   शहरीकरणको दर
*   पूर्वाञ्चल र हिमाली क्षेत्रमा विकासको दर

यी सूचकहरूलाई आधार बनाउँदै संयुक्त राष्ट्रसंघले नेपालको आर्थिक विकासको स्थितिका बारेमा जानकारी दिन्छ र विकासको लक्ष्य हासिल गर्न नेपाललाई दि जाएला सहयोगको प्रस्ताव गर्दछ।

यी वर्गीकरणहरू समयपालतमी परिवर्तन हुन सक्ने सम्बद्धता छ, जसकारण संयुक्त राष्ट्रसंघले समयसमयमा अद्यतन जानकारी दिउँछ।"
ECO029,नेपालको आर्थिक वर्ष विक्रम सम्वत् पात्रो अनुसार कहिले सुरु हुन्छ?,श्रावण १ (मध्य जुलाई),"नेपालको आर्थिक वर्ष विक्रम सम्वत् पात्रो अनुसार १७७० साल १६ कार्तिक देखि सुरु हुन्छ। यसलाई 'स्थापना वर्ष' पनि भनिन्छ।
"
ECO030,नेपालको आर्थिक वर्ष कहिले समाप्त हुन्छ?,आषाढ मसान्त (अर्को वर्षको मध्य जुलाई),"नेपालको आर्थिक वर्ष जुलाईत्osan समाप्त हुन्छ। यसको मतलब साउनको पहिलो दिनसम्मको समय आर्थिक वर्षको लागि प्रयोग गरिन्छ।
"
ECO031,नेपालको वित्तीय नीति र राष्ट्रिय बजेटको मुख्य जिम्मेवारी कुन मन्त्रालयको हो?,अर्थ मन्त्रालय,"नेपालको वित्तीय नीति र राष्ट्रिय बजेटको मुख्य जिम्मेवारी अर्थ तथा वित्त मन्त्रालयको हो। यस मन्त्रालयले देशको आर्थिक विकास र वित्तीय स्थिरताका लागि नीति निर्माण, बजेटको तयारी, कार्यान्वयन र नियन्त्रण गर्छ।

अर्थ तथा वित्त मन्त्रालयको मुख्य कार्यहरूमध्ये केही यस प्रकार छन्:

*   **वित्तीय नीति निर्माण:** देशको आर्थिक आवश्यकता अनुसार वित्तीय नीति बनाउनु।
*   **राष्ट्रिय बजेटको तयारी:** वार्षिक राष्ट्रिय बजेट बनाउनु र त्यसको कार्यान्वयनको अनुगमन गर्नु।
*   **मुद्रास्फीति नियन्त्रण:** देशमा मुद्रास्फीतिलाई नियन्त्रणमा राख्नका उपायहरू लिनु।
*   **ब्याज दर व्यवस्थापन:** ब्याज दरको व्यवस्थापन गर्नु।
*   **भन्सार नीति:** भन्सार नीति बनाउनु र त्यसको कार्यान्वयन गर्नु।
*   **कुर्भरणको व्यवस्थापन:** राष्ट्र बैंकको कर्णको व्यवस्थापन गर्नु।
*   **आर्थिक विकासको योजना:** देशको आर्थिक विकासको योजना बनाउनु र त्यसलाई अघि बढाउनु।

यस मन्त्रालयसँगै अन्य मन्त्रालयहरूले पनि वित्तीय नीति र बजेटसँग सम्बन्धित कार्यहरू अघि बढाउँछन्। उदाहरणका लागि, मन्त्रालयहरूले आफ्नो क्षेत्रका लागि आवश्यक बजेट माग गर्छन् र त्यसको कार्यान्वयनमा सहयोग गर्छन्।"
ECO032,नेपालको जीडीपी लगायत राष्ट्रिय तथ्यांक कुन सरकारी निकायले संकलन गर्दछ?,राष्ट्रिय तथ्याङ्क कार्यालय (पूर्व केन्द्रीय तथ्याङ्क विभाग),"नेपालको जीडीपी (Gross Domestic Product) लगायत राष्ट्रिय तथ्यांक संकलन मुख्य रूपमा नेपाल सांख्यिकी तथा पुरान्यावधि विभाग (National Statistical and Population Survey Division) ले गर्दछ। यस विभागले विभिन्न किसिमको सर्वेक्षण तथा अनुसन्धान गरिरहेको छ।

मुख्य निकायहरू:
*   **नेपाल सांख्यिकी तथा पुरान्यावधि विभाग (NSO):** यो विभागले भलुवालिमा आधारित पुरान्यावधि (census), जनसङ्ख्या सर्वेक्षण, सामाजिक तथा आर्थिक सर्वेक्षणहरू चलाउँछ। यस विभागले जीडीपी लगायत विभिन्न आर्थिक र सामाजिक तथ्यांक संकलन गर्दछ।
*   **नेपाल भलुवालि कार्यालय (NPC):** यो कार्यालय पुरान्यावधिको आयोजना, समन्वय तथा कार्यान्वयनको प्रमुख भूमिका राख्दछ।
*   **संक्रामक रोग तथा स्वास्थ्य अनुसन्धान विभाग (DOHA):** यस विभागले स्वास्थ्यका क्षेत्रमा तथ्यांक संकलन गर्दछ।
*   **श्रम तथा रोजगार विभाग:** यस विभागले श्रम शक्ति, बेरोजगारीको तथ्यांक संकलन गर्दछ।

यो विभागले संकलन गरेको डेटालाई सरकारले विकास योजना तथा नीति निर्माणका लागि प्रयोग गर्दछ। तपाईंले नेपाल सांख्यिकी तथा पुरान्यावधि विभागको वेबसाइट ([https://www.nsops.gov.np/](https://www.nsops.gov.np/)) मा थप जानकारी पाउन सक्नुहुन्छ।"
ECO033,नेपालमा लागू हुने मानक मूल्य अभिवृद्धि कर (भ्याट) दर कति हो?,१३ प्रतिशत,"नेपालमा लागू हुने मानक मूल्य अभिवृद्धि कर (भ्याट) दरहरू निम्न अनुसार रहेका छन्:

*   **सामान्य दर:** 13%
*   **कम दर:**
    *   उपभोक्ता उत्पादनहरू (Consumer goods): 5%
    *   कृषि उत्पादनहरू (Agricultural products): 0%
    *   स्वास्थ्य सेवा (Healthcare services): 0%
    *   शिक्षा सेवा (Education services): 0%
*   **छूट:** भ्याटको दर उत्पादन वा सेवाको प्रकार अनुसार फरक फरक हुन सक्छ। जस्तै, गरिबी निवारण, पर्यावरण संरक्षण, र ठूला परियोजनाहरूको लागि भ्याटमा छुट दिइन्छ।

भ्याट दरहरू सरकारले समयसमयमा संशोधन गर्न सक्छ। त्यसैले, नवीनतम जानकारीको लागि नेपाल सरकारको भ्याट विभागको वेबसाइट हेर्नुहोस्।

*   नेपाल सरकार भ्याट विभाग: [https://www.vat.gov.np/](https://www.vat.gov.np/)"
ECO034,नेपालमा आयकर संकलनको प्रशासन कुन सरकारी निकायले गर्दछ?,आन्तरिक राजस्व विभाग,"नेपालमा आयकर संकलनको प्रशासन Inland Revenue Office (आयकर विभाग) ले गर्दछ। यो विभाग संघीय सरकारको मातहतमा पर्दछ र करदाताहरूको आयकर संकलन तथा व्यवस्थापनको प्रमुख जिम्मेवारी बहन्छ।
"
ECO035,हालका वर्षहरूमा रेमिट्यान्स आयले नेपालको जीडीपीको लगभग कति हिस्सा ओगटेको भनी उल्लेख गरिन्छ?,लगभग एक चौथाई (करिब २५ प्रतिशत),"हालका वर्षहरूमा रेमिट्यान्स आयले नेपालको जीडीपीको लगभग २८% सम्म पुगेको छ। यो तथ्याङ्क नेपाल सरकारले प्रकाशन गरेको विभिन्न आर्थिक तथ्यांक र रिपोर्टहरूमा उल्लेख गरिएको छ। 

यद्यपि, यो प्रतिशतको आकार समयसमयमा परिवर्तन हुन सक्ने सम्भावना छ, जसमध्ये विश्वव्यापी आर्थिक अवस्था, प्रocrार्य अवस्था र रेमिट्यान्सको स्रोत देशको आर्थिक प्रदर्शन आदामू साकुै factorहरू समावेश हुन्छन्।"
ECO041,नेपालको सबैभन्दा ठूलो व्यापारिक साझेदार देश कुन हो?,भारत,"नेपालको सबैभन्दा ठूलो व्यापारिक साझेदार चीन हो। २०७७/७८ को तथ्यांक अनुसार, चीनसँगको व्यापारमा नेपालले सबैभन्दा ठूलो रकम खर्चिसकेको छ। 

यस्तै, भारत नेपालको दोस्रो ठूलो व्यापारिक साझेदार हो।"
ECO042,भूपरिवेष्ठित देश भएकाले नेपाल तेस्रो देशसँगको व्यापारका लागि मुख्यतया कुन छिमेकी देशको समुद्री बन्दरगाहमा निर्भर छ?,भारत (कोलकाता बन्दरगाह),"भूपरिवेष्ठित देश भएकाले नेपाल मुख्यतया चीनको शान्घाई बन्दरगाहमा निर्भर छ।

नेपालको व्यापारमा चीनको शान्घाई बन्दरगाहको भूमिकाअनुसार निम्न तथ्य छन्:

*   **शीतकालीन आयात:** नेपालमा शीतकालीन आयातको ठूलो हिस्सा चीनको शान्घाई बन्दरगाहबाट आयात हुन्छ। यसमा फलफूल, तरकारी, र अन्य शीतसम्बन्धित सामान समावेश छन्।
*   **सहुलियत दर:** शान्घाई बन्दरगाहले नेपाललाई सहुलियत दरमा सामान आयात गर्न मद्दत गर्दछ।
*   **वागमार्तिका:** नेपालको व्यापारमा चीनको बन्दरगाहले महत्वपूर्ण वागमार्तिका प्रदान गर्दछ।

यसअघि, भारतको मुम्बई बन्दरगाहबाट पनि नेपालले आयात गर्थ्यो, तर हाल शान्घाई बन्दरगाहबाट हुने आयातमाथिको निर्भरता बढ्ने गरेको छ।

"
ECO043,अन्तर्राष्ट्रिय रूपमा उत्कृष्ट ऊनी उत्पादनको रूपमा चिनिने नेपालको परम्परागत प्रमुख निर्यात वस्तु के हो?,पश्मिना,"नेपालमा अन्तर्राष्ट्रिय रूपमा उत्कृष्ट ऊनी उत्पादनको रूपमा चिनिने परम्परागत प्रमुख निर्यात वस्तु **""उడుङ्""** (Yak) हो। 

उడుङ्को ऊन उच्च गुणस्तरको हुन्छ, जसलाई संसारमा उच्च मूल्यमा पाइन्छ। यसको ऊनबाट बनेको कपडालाई पनि उच्च दर्जा दिइन्छ। नेपालमा ऊनी उत्पादनको व्यापारले देशको अर्थतन्त्रमा महत्त्वपूर्ण योगदान गर्छ।

यसअघि रेशमको पनि निर्यात भएको थियो, तर उడుङ्को ऊनको तुलनामा यसको मात्रा कम थियो।"
ECO044,नेपाल र भारतबीचको व्यापार तथा पारवहन सम्बन्ध कुन सन्धिले नियमन गर्दछ?,नेपाल-भारत व्यापार तथा पारवहन सन्धि,"नेपाल र भारतबीचको व्यापार तथा पारवहन सम्बन्धलाई नियमन गर्ने मुख्य सन्धि भनेको **""नेपाल–भारत व्यापार तथा पारवहन सन्धी, २०७४""** हो। यस सन्धीले दुई देशबीचको व्यापार नीति, सीमा पार पारवहन, र अन्य व्यापारिक विषयहरूलाई एकीकृत छ रूपमा व्यवस्थापन गर्नेछ भनेको छ। 

यस सन्धीको मुख्य उद्देश्य दुबै देशबीच आर्थिक र व्यापारीक सम्बन्धलाई सुमध्दय बनाउने, व्यापारिक नीतिमा सहजता ल्याउने, र पारवहन प्रबर्धन गर्ने रहेको छ। 

यी सन्धीको केही मुख्य विशेषताहरू यस प्रकार छन्:
*   दुबै देशबीचको व्यापारमा प्राथमिकता भारतलाई दिइएको छ।
*   नेपालले आफ्नो उत्पादन वा प्रक्रिया नभएका सामानहरू आयात गर्न पाउनेछ।
*   पारवहनका लागि सीमा स्तरोन्नति गरिनेछ।
*   दुबै देशबीचको व्यापारिक विवाद समाधानको व्यवस्था गरिनेछ।

यस सन्धीको बारेमा थप जानकारीको लागि, तपाईं नेपाल सरकारको वाणिज्य मन्त्रालयको वेबसाइट हेर्न सक्नुहुन्छ।"
ECO045,नेपालको निर्यातमुखी कार्पेट उद्योगमा ऐतिहासिक रूपमा महत्त्वपूर्ण रहेको परम्परागत हस्तनिर्मित वस्त्र उत्पादन नाम दिनुहोस्।,ऊनी गलैंचा,"नेपालको निर्यातमुखी कार्पेट उद्योगमा ऐतिहासिक रूपमा महत्त्वपूर्ण रहेको परम्परागत हस्तनिर्मित वस्त्र उत्पादन **'चिलम'** हो। 

चिलम भनेको कार्पेट बनाउने माटको पर्दा हो। यसलाई अक्समान पनि भनिन्छ। चिलमले कार्पेटलाई टिकाऊ बनाउनुका साथै यसको सुन्दरतामा पनि योगदान गर्छ। नेपालमा चिलमको उत्पादनको सुरुवात मुग्लर कालमा भएको र त्यसपछि यसको प्रयोग क्रमशः बढ्दै गएको इतिहास छ।

चिलमको उत्पादनले नेपालको कार्पेट उद्योगलाई विश्वव्यापी रूपमा चिनाउनुका साथै यसको पहिचान स्थापित गर्न पनि महत्त्वपूर्ण भूमिका खेलेको छ।"
ECO046,पूर्वी पहाडी क्षेत्रमा व्यापक रूपमा उत्पादन गरिने नेपालको प्रमुख नगदेबाली निर्यात के हो?,चिया,"पूर्वी पहाडी क्षेत्रमा व्यापक रूपमा उत्पादन गरिने नेपालको प्रमुख नगदेबाली निर्यातको माटो (Tea) हो। यसको केही प्रकार यस प्रकार छन्:

*   **धुम्रा (Black Tea):** नेपालको निर्यातमा धमिलै चाईको मात्रा सबैभन्दा बढी हुन्छ। यहाँका धमिलो चाईको स्वाद र गन्धले योलाई संसारमै लोकप्रिय बनाउँछ।
*   **ग्रीन टी (Green Tea):** हालसालका समयमा, ग्रीन टी को माग बढिरहेको छ र यसको उत्पादन पनि बढेको छ।
*   **ओolong टी (Oolong Tea):** यो पनि नेपाली चायको एक प्रकार हो।
*   **फ्युल टी (Flower Tea):** नेपालमा विभिन्न प्रकारका फ्युल टी पनि उत्पादन गरिन्छ, जुन विशेष पर्यटकहरूले किन्न थालेका छन्।

नेपालको चाय मुख्यतया पूर्वी पहाडी क्षेत्रमा, विशेष गरी जनकपुर, विजिपुर, र रौतहट जिल्लाहरूमा उत्पादन गरिन्छ। यो क्षेत्रमा उत्तम माटो र जलवायु भएकोले चायको उत्पादन उच्च दर्जाको हुन्छ।

यी नगदेबालीहरू नेपालको प्रमुख निर्यातमध्येका हुन्, जसले देशको अर्थतन्त्रमा महत्त्वपूर्ण योगदान दिन्छन्।"
ECO047,भारत बाहेक नेपालले वैकल्पिक व्यापार पहुँचका लागि कुन उत्तरी छिमेकी देश पनि प्रयोग गर्दछ?,चीन,"भारत बाहेक नेपालले वैकल्पिक व्यापार पहुँचका लागि मुख्य रूपमा चीन र भुटानको प्रयोग गर्दछ। 

*   **चीन:** चीनले 'बी&आर आय मार्ग' (Belt and Road Initiative) परियोजनाअन्तर्गत नेपालसँग सीमामा अवस्थित राप्तीमा चीन-नेपाल सीमा स्तकोमा ठूलो आयतन व्यापारिक हब निर्माण गरिरहेको छ। यसले नेपाललाई भारतको भरमा नभई चीनसँग व्यापार गर्न सहज बनाउँछ।
*   **भुटान:** भुटान नेपालको दक्षिण-पूर्वी छिमेकी हो र दुई देशबीचको व्यापारमा भुटानले महत्वपूर्ण भूमिका खेल्छ। भुटानको राक्सगाड सडकले नेपाललाई भारतको सिङ्घिया खोला नाका मार्फत भारतसँग व्यापार गर्न सहज बनाउँछ।

यसअघि म्यानमा पनि नेपालको वैकल्पिक व्यापार पहुँच थियो, तर राजनीतिक र आर्थिक कारणहरूले गर्दा अहिले त्यसको प्रयोगमा कमी आएको छ।"
ECO048,तेस्रो देशसँगको व्यापारका लागि बीरगन्जमा रहेको ड्राई पोर्ट (आइसीडी) को नाम के हो?,बीरगन्ज अन्तर्देशीय कन्टेनर डिपो,तेस्रो देशसँगको व्यापारका लागि बीरगन्जमा रहेको ड्राई पोर्ट (आइसीडी) ‘नोबेल ड्राई पोर्ट’ हो। यो पोर्ट भारतको उत्तर-पश्चिमी भागमा अवस्थित छ।
ECO049,नेपाल कुन दक्षिण एसियाली क्षेत्रीय सहयोग तथा व्यापार संगठनको सदस्य हो?,सार्क (दक्षिण एसियाली क्षेत्रीय सहयोग संगठन),"नेपाल दक्षिण एसियाली क्षेत्रीय सहयोग तथा व्यापार संगठन (South Asian Association for Regional Cooperation - SAARC) ले सदस्य हो। यो संगठनको स्थापना १९८५ मा भएको थियो। SAARC ले सदस्य मुलुकबीच आर्थिक, सामाजिक, सांस्कृतिक र राजनीतिक क्षेत्रमा सहयोग तथा व्यापार बढाउने उद्देश्य राख्दछ।"
ECO050,नेपाल कुन सालमा आधिकारिक रूपमा विश्व व्यापार संगठन (डब्ल्यूटीओ) मा सामेल भयो?,सन् २००४,नेपालले २०७२ सालको भाद्र १५ गते आधिकारिक रूपमा विश्व व्यापार संगठन (WTO) मा सामेल भयो। यसको मतलब २०७३ को जुलाई १ बाट नेपालले डब्ल्यूटीओका नियम र सिद्धान्तहरू पालना गर्न थाल्यो।
ECO051,नेपालका राष्ट्रिय निकुञ्ज तथा संरक्षण क्षेत्रका लागि ट्रेकिङ अनुमतिपत्र कसले जारी गर्दछ?,नेपाल पर्यटन बोर्ड / सम्बन्धित निकुञ्ज तथा संरक्षण क्षेत्र कार्यालय,"नेपालका राष्ट्रिय निकुञ्ज तथा संरक्षण क्षेत्रमा ट्रेकिङ अनुमतिपत्र नेपाल सरकार, Ministry of Forest and Environment (MOFE) ले जारी गर्दछ। विशेष गरेर, विभाग मातहतका विभिन्न कार्यालयहरूले अनुमतिपत्र जारी गर्ने गर्छन्। 

यहाँ केही मुख्य निकायहरूको नाम उल्लेख गरिएको छ:
*   नेपाल सरकार, Ministry of Forest and Environment (MOFE)
*   नेपाल सरकार, विभाग तथा संरक्षण आयोजना कार्यान्वयन महाशाखा, चितवन
*   विभिन्न संरक्षण क्षेत्र कार्यालयहरू (जैसे:चितवन राष्ट्रिय निकुञ्ज कार्यालय, कोटेरा संरक्षण क्षेत्र कार्यालय, आदि)

अनुमतिपत्र लिनका लागि ट्रेकरहरूले सम्बन्धित संरक्षण क्षेत्र कार्यालयमा निवेदन दर्ता गर्नुपर्ने हुन्छ।"
ECO052,"नेपालमा प्रमुख ट्रेक सुरु गर्नुअघि ट्रेकरहरूलाई दर्ता गराउन आवश्यक पर्ने प्रणाली, जसलाई टिम्स भनिन्छ, के हो?",ट्रेकर्स सूचना व्यवस्थापन प्रणाली,"नेपालमा प्रमुख ट्रेक सुरु गर्नुअघि ट्रेकरहरूलाई दर्ता गराउन आवश्यक पर्ने प्रणालीलाई 'टिम्स' भनिन्छ। यो प्रणालीलाई 'ट्रेकर रजिस्ट्रि कार्यक्रम' पनि भनिन्छ। यसको मुख्य उद्देश्य एउटा निश्चित समयमा ट्रेक सुरु गर्ने व्यहोरा नियन्त्रण गर्नु र ट्रेकरहरूको सुरक्षा सुनिश्चित गर्नु हो।

टिम्सको मुख्य विशेषताहरू यस प्रकार छन्:

*   **दर्ता फारम:** ट्रेकरहरूलाई दर्ता फारम भर्नु पर्छ, जसमा उमेर, नागरिकता, समूहको नाम, ट्रेकको योजना, र सम्पर्क विवरणहरू समावेश हुन्छन्।
*   **समीक्षा र अनुमति:** दर्ता फारम बुझ्एपछि, स्थानीय प्रशासनले ट्रेकको योजनामाथि समीक्षा गर्छ र अनुमति दिन्छ।
*   **अनुदेश:** अनुमति दिइसकेपछि, ट्रेकरहरूलाई ट्रेकको सुरक्षा, वातावरण संरक्षण, र स्थानीय संस्कृतिमाथि सम्मान गर्नेसबारे जानकारी दिइन्छ।
*   **नियमको पालना:** टिम्सको पालना नभएसम्म ट्रेक सुरु गर्न अनुमति दिइँदैन।

टिम्सको उद्देश्य एउटै समयमा धेरै ट्रेकरहरूले ट्रेक गर्नबाट रोक्ने, ट्रेकको अवधिअनुसार तयारी गर्न ट्रेकरहरूलाई मद्दत गर्ने, र ट्रेकरहरूको सुरक्षा सुनिश्चित गर्ने हो। यसले ट्रेकको क्रमबद्धता राख्न र ट्रेकरहरूबीचको समन्वयलाई पनि सहज बनाउँछ।

नेपाल सरकारले यो प्रणालीलाई ट्रेकर्सका लागि सुरक्षित र व्यवस्थित ट्रेकिंगको लागि लागू गरेको छ।"
ECO053,रेमिट्यान्ससँगै नेपालको वैदेशिक मुद्रा आर्जनमा कुन क्षेत्रले महत्त्वपूर्ण योगदान गर्दछ?,पर्यटन,"रेमिट्यान्ससँगै नेपालको वैदेशिक मुद्रा आर्जनमा निम्न क्षेत्रहरूले महत्त्वपूर्ण योगदान गर्दछन्:

*   **तेल र प्राकृतिक ग्यास:** नेपालमा तेल र ग्यासको निकासीले वैदेशिक मुद्रा आर्जनमा महत्त्वपूर्ण योगदान गर्दछ। हालसालका वर्षहरूमा, तेलको मूल्य वृद्धि र विश्वव्यापी माग विस्तारु भएपछि यो क्षेत्रले विशेष रूपमा योगदान गरिरहेको छ।

*   **पर्यन्त्र:** पर्यटन क्षेत्र नेपालको लागि आय आर्जनको प्रमुख स्रोत हो। २०१९ मा कोभिड-१९ महामारी सुरु हुनुअघि, पर्यटनले नेपालको आर्थिक विकासमा ठूलो योगदान गर्दथ।

*   **निर्माण:** नेपालमा निर्माण क्षेत्रले पनि वैदेशिक मुद्रा आर्जनमा योगदान गर्दछ। सरकारको पूर्वाधार विकास परियोजना र निजी क्षेत्रको निजी निर्माण परियोजनाले यो क्षेत्रमा योगदान दिन्छन्।

*   **अङ्ग्रेजी भाषी देशहरूबाट निर्यात:** नेपालले अङ्ग्रेजी भाषी देशहरूबाट विभिन्न सामान निर्यात गर्दछ, जस्तै फलफूल, तरकारी, तथा हस्तकला सामान।

*   **सूचना प्रौद्योगिकी (Information Technology):** हालसालका वर्षहरूमा, नेपाली युवाहरू अङ्ग्रेजी भाषी देशहरूमा सूचना प्रौद्योगिकी क्षेत्रमा काम गरेर वैदेशिक मुद्रा आर्जनमा योगदान गरिरहेका छन्।

*   **अघिल्लो वर्षको आर्जन:** केही मात्रामा वैदेशिक मुद्रा आर्जन अघिल्लो वर्षको आर्जनबाट राखिएको हुन्छ, जुन यस वर्ष पाइन्छ।

यसबाटोले, रेमिट्यान्सको साथसाथै अन्य क्षेत्रहरूले पनि नेपालको वैदेशिक मुद्रा आर्जनमा महत्त्वपूर्ण योगदान गरिरहेका छन्।"
ECO054,अधिकांश विदेशी पर्यटक नेपाल प्रवेश गर्ने मुख्य अन्तर्राष्ट्रिय विमानस्थल कुन हो?,"त्रिभुवन अन्तर्राष्ट्रिय विमानस्थल, काठमाडौं",अधिकांश विदेशी पर्यटक नेपाल प्रवेश गर्ने मुख्य अन्तर्राष्ट्रिय विमानस्थल त्रिभुवन अन्तर्राष्ट्रिय विमानस्थल (Tribhuvan International Airport) हो। यो विमानस्थल काठमाडौंमा अवस्थित छ।
ECO055,सन् २०२० मा सञ्चालन गरिएको नेपालको प्रमुख आधिकारिक पर्यटन प्रवर्द्धन अभियानको नाम के थियो?,भ्रमण वर्ष नेपाल २०२०,"सन् २०२० मा सञ्चालन गरिएको नेपालको प्रमुख आधिकारिक पर्यटन प्रवर्द्धन अभियानको नाम ""नेपाल कि २ डिग्री"" (Nepal Ki 2 Degree) थियो। यो अभियानले नेपालको अद्वितीय संस्कृति, प्रकृति र वातावरणको उजागर गर्ने लक्ष्य राखेको थियो।
"
ECO056,नेपालमा पर्यटन प्रवर्द्धनको मुख्य जिम्मेवारी कुन सरकारी निकायको हो?,नेपाल पर्यटन बोर्ड,"नेपालमा पर्यटन प्रवर्द्धनको मुख्य जिम्मेवारी पर्यटन तथा स्यकृति विकास मन्त्रालय (Ministry of Tourism, Culture and Civil Aviation) ले सम्भालेको छ। यस मन्त्रालय मातहतको नेपाल पर्यटन बोर्ड (Nepal Tourism Board) ले पर्यटन प्रर्वद्र्धनको विशेष कार्य सम्पादन गर्छ।

यसबाटोमा मन्त्रालय र बोर्ड दुवैले पर्यटन विकास र प्रर्वद्र्धनका लागि संयुक्त रूपमा काम गर्छन्।
"
ECO057,विदेशी ट्रेकरहरूले नेपालका राष्ट्रिय निकुञ्ज तथा संरक्षण क्षेत्रमा प्रवेश गर्दा तिर्ने शुल्कलाई सामान्यतया के भनिन्छ?,संरक्षण क्षेत्र / निकुञ्ज प्रवेश अनुमतिपत्र शुल्क,"विदेशी ट्रेकरहरूले नेपालका राष्ट्रिय निकुञ्ज तथा संरक्षण क्षेत्रमा प्रवेश गर्दा तिर्ने शुल्कलाई सामान्यतया 'एन्ट्री ফি' (Entry Fee) भनिन्छ। यो शुल्क संरक्षण क्षेत्रमा गतिविधि गर्नका लागि सरकारले लिएको छ। यस शुल्कको रकम संरक्षण क्षेत्रको आकार, गतिविधिको प्रकार र अवधिअनुसार फरक फरक हुन आउँछ।

थप जानकारीको लागि, तपाईं नेपाल सरकारको पर्यटन बोर्डको वेबसाइटमा जान्न सक्नुहुन्छ: [https://www.tourism.gov.np/](https://www.tourism.gov.np/)"
ECO058,लुम्बिनी नजिकै भैरहवामा रहेको नेपालको अन्तर्राष्ट्रिय विमानस्थलको नाम के हो?,गौतम बुद्ध अन्तर्राष्ट्रिय विमानस्थल,"लुम्बिनी नजिकै भैरहवामा रहेको नेपालको अन्तर्राष्ट्रिय विमानस्थलको नाम त्रिभुवनसेवा प्राइभेट लिमिटेडको स्वामित्वमा रहेको ‘मुग्लर विमानस्थल’ हो। यसलाई हाल ‘ भैरहवा अन्तर्राष्ट्रिय विमानस्थल’ पनि भनिन्छ।
"
ECO059,सन् २०२३ मा सञ्चालनमा आएको पोखरा नजिकैको नेपालको अन्तर्राष्ट्रिय विमानस्थलको नाम के हो?,पोखरा अन्तर्राष्ट्रिय विमानस्थल,"सन् २०२३ मा सञ्चालनमा आएको पोखरा नजिकैको नेपालको अन्तर्राष्ट्रिय विमानस्थलको नाम **पोखरा अन्तर्राष्ट्रिय विमानस्थल** हो।
"
ECO060,नेपालको साहसिक पर्यटन आम्दानी मुख्यतया कुन हिमालको आरोहण अनुमतिपत्रसँग जोडिएको छ?,सगरमाथा (माउन्ट एभरेस्ट),"नेपालको साहसिक पर्यटन आम्दानी मुख्यतया अन्नapurna सर्किट र माछापुच्छ्रे हिमशिखर आरोहण अनुमतिपत्रसँग जोडिएको छ। यी दुवैको लोकप्रियताले गर्दा पर्यटकहरूको चहलपहल बढ्दा होटल, रेस्टुरेन्ट, यातायात र अन्य सेवा प्रदान गर्ने व्यवसायीलाई फाइदो पुगिरहेको छ।
"
ECO061,नेपालको सबैभन्दा व्यापक रूपमा खेती गरिने मुख्य खाद्यान्न बाली के हो?,धान (चामल),"नेपालको सबैभन्दा व्यापक रूपमा खेती गरिने मुख्य खाद्यान्न बाली गहुँ हो। गहुँ नेपालको मुख्य कृषि उत्पादन भएको बाली हो, जुन यहाँको अधिकांश जनसङ्ख्याले मुख्य खाद्य पदार्थको रूपमा उपभोग गर्छन्।

यसका अलावा, मक्का, धान, र मरिच पनि व्यापक रूपमा खेती गरिन्छ।
"
ECO062,नेपालमा कृषि नीतिको निरीक्षण कुन सरकारी मन्त्रालयले गर्दछ?,कृषि तथा पशुपन्छी विकास मन्त्रालय,"नेपालमा कृषि नीतिको निरीक्षण मुख्यतया कृषि तथा प्रसंजन मन्त्रालय (Ministry of Agriculture and Livestock Development) ले गर्दछ। यस मन्त्रालयले कृषि उत्पादन, वितरण, र विकास सम्बन्धी नीति तथा कार्यक्रमहरूको कार्यान्वयनमा निगरानी गर्दछ। 

यसका साथै, नेपाल सरकारको मन्त्रालय सञ्चालन तथा सूचना प्रविधिambahले पनि कृषि विकास बैंक (ADB)को अनुगमन गर्दछ।
"
ECO063,अधिकांश साना किसानहरूले अभ्यास गर्ने नेपालको परम्परागत साना-स्तरको खेती प्रणालीलाई कुन शब्दले वर्णन गरिन्छ?,निर्वाहमुखी कृषि,"अधिकांश साना किसानहरूले अभ्यास गर्ने नेपालको परम्परागत साना-स्तरको खेती प्रणालीलाई ""कृषि सम्प्रदाय"" (Agricultural Community) वा ""खेती सम्प्रदाय"" (Farming Community) वाक्यांशले वर्णन गरिन्छ। 

यो शब्द प्रणालीलाई एउटा सामूहिक रूपमा बुझिन्छ, जसमा किसानहरूले साझा ज्ञान, संस्कृति र अभ्यासहरू साझा गर्छन्। यसमा बहुफलको खेती, पारंपरिक बाली र पशुधन व्यवस्थापन, र स्थानीय जलवायु र माटोको आधारमा खेती गरिने पद्धती समावेश हुन्छन्। 

यसैले गर्दा, ""कृषि सम्प्रदाय"" भनेको नेपालको ग्रामीण परिवेशमा साना किसानहरूको खेती प्रणालीलाई बुझ्नको लागि प्रयोग हुने एउटा महत्त्वपूर्ण शब्द हो।
"
ECO064,इलाम जस्ता पूर्वी पहाडी जिल्लाहरूमा व्यापक रूपमा उत्पादन गरिने कुन नगदेबाली नेपालको महत्त्वपूर्ण कृषि निर्यात हो?,चिया,"इलाम जस्ता पहाडी जिल्लाहरूमा व्यापक रूपमा उत्पादन गरिने महत्त्वपूर्ण कृषि निर्यात रास्पबेरी (Strawberry) हो। यसलाई ‘नेपाली रास्पबेरी’ पनि भनिन्छ र यसको माग भारत लगायत विदेशी बजारमा उच्च छ। हालसालै, बेरीको उत्पादनमा वृद्धि भएसँगै यसको निर्यातमा पनि वृद्धि भएको छ।"
ECO065,हालैका आर्थिक सर्वेक्षणहरूमा कृषिले नेपालको जीडीपीमा लगभग कति हिस्सा योगदान गरेको उल्लेख गरिन्छ?,लगभग एक चौथाई (करिब २४-२५ प्रतिशत),"हालैका आर्थिक सर्वेक्षणहरूले कृषिले नेपालको जीडीपीमा लगभग 20% सम्मको हिस्सा योगदान गरेको उल्लेख गरेका छन्। यद्यपि, यो प्रतिशत समयसापेक्ष परिवर्तन हुन सक्छ, जसमध्ये हालको अवस्थामा यसको योगदान लगभग यही रहेको छ।

यो आँकडाले नेपालको अर्थतन्त्रमा कृषिSectorको महत्त्वपूर्ण भूमिकालाई दर्शाउँछ।"
ECO066,वैदेशिक रोजगारीबाट प्राप्त रेमिट्यान्सले नेपालको राष्ट्रिय आयको कुन प्रमुख अंश बनाउँछ?,श्रम बसाइँसराइबाट प्रेरित जीडीपीको प्रमुख अंश,"वैदेशिक रोजगारीबाट प्राप्त रेमिट्यान्सले नेपालको राष्ट्रिय आयको लगभग २६% सम्म पुग्छ। यो नेपालको आर्थिक गतिविधिमा सबैभन्दा ठूलो योगदान दिन्छ। यसले नेपालको अर्थतन्त्रलाई धेरै हिसाबले मद्दत गर्दछ:

*   **घरानामा आम्दानी:** रेमिट्यान्सले नेपाली घरानाहरूको आम्दानी बढाउँछ, जसले उनीहरूलाई दैनिक जीवनमा सुधार गर्न र खर्च गर्न मद्दत गर्दछ।
*   **उपभोगमा वृद्धि:** रेमिट्यान्सले व्यक्तिहरूको खर्चिलो शक्ति बढाउँछ, यसले घर परिवारको खालावन्न र अन्य आवश्यक सामानहरूमा खर्चमा वृद्धि गर्दछ।
*   **अर्थतन्त्रमा योगदान:** रेमिट्यान्सले नेपालको कुल राष्ट्रिय उत्पादनमा (GDP) महत्त्वपूर्ण योगदान गर्दछ।
*   **मुद्रास्फीति नियन्त्रण:** रेमिट्यान्सले मुद्रास्फीतिलाई पनि नियन्त्रण गर्न मद्दत गर्दछ।

त्यसैकारण, वैदेशिक रोजगारीबाट प्राप्त रेमिट्यान्स नेपालको आर्थिक विकासमा महत्वपूर्ण भूमिका गर्दछ।"
ECO067,नेपाली आप्रवासी श्रमिकहरूको वैदेशिक श्रम स्वीकृति कुन सरकारी निकायले व्यवस्थापन गर्दछ?,वैदेशिक रोजगार विभाग,"नेपाली आप्रवासी श्रमिकहरूको वैदेशिक श्रम स्वीकृति नेपाल सरकारको वाणिज्य तथा रोजगार सम्बन्ध मन्त्रालय (Ministry of Labor, Employment and Social Security) व्यवस्थापन गर्दछ। यस मन्त्रालयले वैदेशिक रोजगार ऐन, २०७५ अनुसार आप्रवासी श्रमिकहरूको बैदेशिक श्रम स्वीकृति दिने कार्यको समन्वय गर्दछ।

यो मन्त्रालयले वैदेशिक रोजगार कार्यालयमार्फत आप्रवासी श्रमिकहरूको स्वीकृति प्रक्रिया चलाउँछ।
"
ECO068,नेपाली आप्रवासी श्रमिकहरूको प्रमुख गन्तव्य रहेको एउटा खाडी देशको नाम दिनुहोस्।,कतार,"नेपाली आप्रवासी श्रमिकहरूको प्रमुख गन्तव्य रहेको खाडी देश कतार हो। कतारमा प्र मात्रामा नेपाली कामदारहरू काम गर्छन्।
"
ECO069,आप्रवासी श्रमिकहरूले घर पठाउने रकमलाई सामान्यतया के भनिन्छ?,रेमिट्यान्स,"आप्रवासी श्रमिकहरूले घर पठाउने रकमलाई सामान्यतया ""रेमिट्यान्स"" (Remittance) भनिन्छ। यसलाई अंग्रेजीमा ""वातनको पैसा"" पनि भनिन्छ। यो रकम विदेशी श्रमिकहरूले आफ्नो घर देशमा पठाउने रकम हो। नेपालजस्तो देशमा यसले अर्थतन्त्रमा महत्त्वपूर्ण योगदान गर्छ।"
ECO070,खाडी क्षेत्र बाहेक कुन पूर्वी एसियाली देश पनि नेपाली श्रमिकहरूको प्रमुख श्रम बसाइँसराइ गन्तव्य हो?,मलेसिया,"खाडी क्षेत्र बाहेक कुन पूर्वी एसियाली देश पनि नेपाली श्रमिकहरूको प्रमुख श्रम बसाइँसराइ गन्तव्य हो भने कतार, संयुक्त अरब एमिराती (UAE), कुवेत, ओमान र साउदी अरब छन्। यस्तै, मलेसिया र सिंगापुर पनि नेपाली श्रमिकहरूका लागि लोकप्रिय गन्तव्य भएका छन्।

मलेसियाले हालसालका समयमा नेपाली श्रमिकहरूबीच निकै लोकप्रिय गराइसकेको छ। मलेसियामा कामको अवसर र जीवन खर्चको सम्भावनाले नेपाली श्रमिकहरूलाई आकर्षित गरिरहेको छ।

त्यसैगरि, सिंगापुरमा पनि नेपाली श्रमिकहरूको उपस्थिति रहेको छ, जहाँ मुख्य रूपमा होटल र सेवा क्षेत्रमा काम गर्‍नुभएको छ।

यी केही पूर्वी एसियाली देशहरू नेपाली श्रमिकहरूका लागि प्रमुख श्रम बसाइँसराइ गन्तव्य भएका छन्।"
TEC016,नेपालको पहिलो इमेल सेवा कुन कम्पनीले सुरु गरेको थियो?,मर्केन्टाइल कम्युनिकेसन्स प्रा.लि.,"नेपालको पहिलो इमेल सेवा 'न्यु नेपाल इमेल' कम्पनीले सुरु गरेको थियो। यो सेवा २००४ मा सुरु गरिएको थियो। हाल यो सेवा सञ्चालित छैन।
"
TEC017,नेपालले पहिलोपटक इमेल सेवा कुन सालमा पायो?,सन् १९९३,"नेपालले पहिलोपटक २०६४ सालको नोभेम्बर १६ मा इमेल सेवा सुरु गरेको हो। नेपाल दूरसञ्चार सञ्चिका (NTC) द्वारा 'नेप्सेल' मार्फत यो सेवा प्रदान गरिएको थियो। यसअघि, इमेल सेवा प्रयोग गर्नका लागि नेपालीहरूलाई विदेशी देशमा रहेका आफ्नै नाताबाली व्यक्तिमार्फत इमेल पठाउनु पर्न्थथ्यो।
"
TEC018,इमेल मात्र नभई पूर्ण इन्टरनेट पहुँच नेपालमा पहिलोपटक कुन सालमा सुरु भएको थियो?,सन् १९९५,"नेपालमा इन्टरनेट पहुँचको सुरुवात इमेल मात्र नभई पूर्ण इन्टरनेट पहुँचको पहिलो पटक सन् २००० मा सुरु भएको थियो। 

सन् २००० मा नेपालमा डायल-अप इन्टरनेटको सुरुवात भएको थियो। त्यसपछि इन्टरनेटको प्रयोगकर्ताहरूमा वृद्धि हुन थाल्यो। यसको मुख्य कारण थियो इन्टरनेट सेवा ऐन २०००। यस ऐनले इन्टरनेट सेवा प्रदाताहरूलाई अनुमति दिइएको थियो। त्यसपछि नेपालमा इन्टरनेटको पहुँच क्रमशः बढ्न थाल्यो। 

त्यसअघि पनि नेपालमा इन्टरनेटको सुरुवात भएको थियो, तर त्यो पूर्ण इन्टरनेट पहुँचको सुरुवात थियो जस्तो भन्न सकिन्छ।"
TEC019,नेपालको देश-कोड शीर्ष-स्तर डोमेन (सीसीटीएलडी) के हो?,.np,"नेपालको देश-कोड शीर्ष-स्तर डोमेन (सीसीटीएलडी) .नेप (।nep) हो।
"
TEC020,नेपालको .np डोमेनको रजिस्ट्रीको रूपमा परम्परागत रूपमा कुन संस्था कार्यरत रहेको छ?,मर्केन्टाइल कम्युनिकेसन्स,"नेपालको .np डोमेनको रजिस्ट्रीको रूपमा परम्परागत रूपमा नेपाल दूरसञ्चार ज्ञापन्न (Nepal Telecom) कार्यरत रहेको छ। 

२०७४ पुसमा नेपाल सरकारले नेपाल दूरसञ्चार ज्ञापन्नलाई .np डोमेनको रजिस्ट्रीको দায়িত্ব प्रत्याहाल्न गरेको थियो। हाल सम्म यस संस्थाले .np डोमेनको व्यवस्थापन गरिरहेको छ।
"
TEC021,सहरी नेपालमा द्रुत गतिमा विस्तार भइरहेको फाइबर-अप्टिक इन्टरनेट जडानको फराकिलो प्रकार के हो?,फाइबर-टु-द-होम (एफटीटीएच) ब्रोडब्यान्ड,"सहरी नेपालमा द्रुत गतिमा विस्तार भइरहेको फाइबर-अप्टिक इन्टरनेट जडानको फराकिलो प्रकार तल उल्लेखित छ:

*   **फाइबर टु द होम (FTTH):** यो सबैभन्दा व्यापक रूपमा प्रयोग गरिएको प्रकार हो। यसमा प्रत्येक घर वा भवनमा प्रत्यक्ष रूपमा फाइबरoptic केबल जडान गरिन्छ। यसले अत्यन्त उच्च गति र स्थिरता प्रदान गर्दछ।

*   **फाइबर टु द बिजिनेस (FTTB):** यसमा व्यावसायिक भवनहरूमा फाइबरoptic केबल जडान गरिन्छ र त्यसपछि व्यावसायिक क्षेत्रमा इन्टरनेट सेवा प्रदान गरिन्छ।

*   **भुअल-वे लेटेंसी (DWDM) फाइबर:** यो सञ्चारकोठाहरू (exchange) र अन्य ठूला संस्थानहरूमा प्रयोग गरिन्छ।

*   **पोलमा टावर फाइबर:** यसमा फाइबरoptic केबलहरू टावरहरूमा लगेर विभिन्न क्षेत्रमा फैलिएका छन्।

हाल, फाइबर-अप्टिक इन्टरनेट जडानको विस्तार भइरहेको छ, तर यो काठमाडौं र त्यस आसपासका शहरी क्षेत्रमा धेरै केन्द्रित छ। अन्य शहरी क्षेत्रमा यो जडानको विस्तार अझै सुरु भइसकेको छ।

यी जडानको मुख्य कारण सरकारको पहल, निजी क्षेत्रको लगानी र इन्टरनेट सेवा प्रदाताहरूको (ISP) सक्रियता हो।"
TEC022,नेपालमा इन्टरनेट सेवा प्रदायक (आईएसपी) इजाजतपत्र कुन नियामक निकायले जारी गर्दछ?,नेपाल दूरसञ्चार प्राधिकरण,नेपालमा इन्टरनेट सेवा प्रदायक (आईएसपी) इजाजतपत्र नेपाल दूरसंचार नियामक आयोग (नेटकरा)ले जारी गर्दछ। नेटकरा नेपालमा दूरसंचार सेवाहरूको नियमन र विकास गर्ने मुख्य निकाय हो। आईएसपी दर्ता गराउन र सेवा दिन केबल तथा इन्टरनेट सेवाको लागि नेटकरासँग अनुमति लिनुपर्छ।
TEC023,मोबाइल ब्रोडब्यान्ड आउनुअघि व्यापक रहेको सार्वजनिक साझा-कम्प्युटर इन्टरनेट पहुँच केन्द्रलाई नेपालमा सामान्यतया के भनिन्छ?,साइबर क्याफे,"मोबाइल ब्रोडब्यान्ड आउनुअघि व्यापक रहेको सार्वजनिक साझा-कम्प्युटर इन्टरनेट पहुँच केन्द्रलाई नेपालमा सामान्यतया 'कम्प्युटर सालो' भनिन्थ्यो। यसले कम्प्युटर र इन्टरनेटको सुविधा सस्तो मूल्यमा दिन्थ्यो, जुन धेरै व्यक्ति र सपिन्तकले प्रयोग गर्र्थे। यो एउटै ठाउँमा धेरै व्यक्तिहरूले कम्प्युटर चलाएर र इन्टरनेट प्रयोग गरेर आफ्नो काम गर्नका लागि उपयोग गर्दथे।
"
TEC024,नेपालमा सबैभन्दा बढी प्रयोग हुने सामाजिक सञ्जाल मञ्चको रूपमा व्यापक रूपमा कुन उल्लेख गरिन्छ?,फेसबुक,"नेपालमा सबैभन्दा बढी प्रयोग हुने सामाजिक सञ्जाल मञ्चको रूपमा फेसबुक व्यापक रूपमा उल्लेख गरिन्छ। फेसबुकको प्रयोगले अन्य प्लेटफर्महरूमा पनि प्रभाव पार्यो। हालसम्म फेसबुकले नेपाली प्रयोगकर्ताहरूबीच सबैभन्दा लोकप्रिय सामाजिक सञ्जाल मञ्च बनेको छ।

यस्तै, वाटा (WhatsApp), यसपाउ (Instagram), ट्विटर, र टिकटॉक पनि प्रयोगमा छन्, तर फेसबुकको प्रयोग भनेकै सबैभन्दा माथिल्लो स्थानमा छ।"
TEC025,नेपालको ग्रामीण भागहरूमा ब्रोडब्यान्ड इन्टरनेट जडान विस्तार गर्ने लक्ष्य राखेको सरकार-सम्बन्धित पहल के हो?,ग्रामीण दूरसञ्चार विकास कोषका ब्रोडब्यान्ड विस्तार आयोजनाहरू,"नेपालको ग्रामीण भागहरूमा ब्रोडब्यान्ड इन्टरनेट जडान विस्तार गर्ने लक्ष्य राखेको सरकार-सम्बन्धित पहल ‘नेप्सेलको’ (Nepal Telecom Expansion in Rural Areas) हो। यो कार्यक्रमलाई नेपाल दूरसंचार एउटा beper (Nepal Telecom) नामक सरकारी स्वामित्वको टेलिकम कम्पनीले लागू गरिरहेको छ।

यहाँ यस कार्यक्रमको बारेमा केही मुख्य जानकारी छ:
* **लक्ष:** ग्रामीण क्षेत्रमा ब्रोडब्यान्ड इन्टरनेट पहुँच पुर्‍याउने र डिजिटल समावेशीकरण बढाउने।
* **अभ्यास:** यो कार्यक्रममा फाइबर् optic केबल जडानको साथै वायरलेस प्रविधिहरू (जस्तै 4G र 5G) प्रयोग गरेर इन्टरनेट सेवा प्रदान गर्ने योजना छ।
* **वित्तपुरित:** सरकारले यसको लागि लगानी दिनेछ, साथै विदेशी लगानीकर्तालाई पनि प्रोत्साहन दिइन्छ।
* **प्रगति:** हाल, यो कार्यक्रम देशका विभिन्न वलहरूमा लागू भइरहेको छ र यसको काम धमाधम चलिरहेको छ।

यो पहल नेपालमा ग्रामीण क्षेत्रमा इन्टरनेट पहुँच सुधार गर्न र आर्थिक विकासमा योगदान गर्न महत्वपूर्ण सावित हुन सक्छ।

थप जानकारीको लागि, तपाईं नेपाल टेलिकमको आधिकारिक वेबसाइटमा जान सक्नुहुन्छ: [https://www.ntc.com.np/](https://www.ntc.com.np/)"
TEC031,नेपाल राष्ट्र बैंकको निगरानीमा स्थापना गरिएको राष्ट्रिय अन्तर-बैंक भुक्तानी पूर्वाधारको नाम के हो?,राष्ट्रिय भुक्तानी गेटवे (एनपीजी),"नेपाल राष्ट्र बैंकको निगरानीमा स्थापना गरिएको राष्ट्रिय अन्तर-बैंक भुक्तानी पूर्वाधारको नाम ‘नेपाल नानी’ (Nepal Nani) हो। यो पूर्वाधारले नेपालमा वित्तीय कारोबारहरूलाई सहज बनाउनुका साथै भुक्तानी प्रणालीको डिजिटलीकरणको गतिमान चलाउनुका लागि स्थापना गरिएको हो।
"
TEC032,व्यापारी भुक्तानीका लागि नेपाल राष्ट्र बैंकले प्रवर्द्धन गरेको अन्तर-सञ्चालनयोग्य क्यूआर-आधारित भुक्तानी मापदण्ड के हो?,नेपाल क्यूआर,"व्यापारी भुक्तानीका लागि नेपाल राष्ट्र बैंकले प्रवर्द्धन गरेको अन्तर-सञ्चालनयोग्य क्यूआर-आधारित भुक्तानी मापदण्डहरू यस प्रकार छन्:

**१. क्यूआर कोड भुक्तानी प्रणालीको आधारभूत मापदण्ड:**
नेपाल राष्ट्र बैंकले क्यूआर कोड भुक्तानी प्रणालीलाई व्यवस्थित र सुरक्षित बनाउन केही आधारभूत मापदण्ड तोकेको छ. ती मापदण्डहरूमा निम्न कुराहरू समावेश छन्:

*   **QR कोडको आकार र डिजाइन:** क्यूआर कोडको आकार कम्तिमा 2.5 सेमी x 2.5 सेमी हुनुपर्छ र यसले प्रयोग गर्न सजिलो र स्पष्ट हुनुपर्छ.
*   **सुरक्षा:** क्यूआर कोडमा कुनै पनि प्रकारको सुरक्षा जोखिम नहुनलाग्ने गरी डिजाइन गरिएको हुनुपर्छ.
*   **डेटा सुरक्षा:** भुक्तानीको डेटा सुरक्षित राख्न आवश्यक सुरक्षा सावधानीहरू लिनुपर्छ.
*   **अनुपालन:** भुक्तानी प्रणालीले नेपाल राष्ट्र बैंकको नियमन तथा कानुनको पालनामा गर्नुपर्छ.

**२. व्यापारीको दायित्व:**
*   **भुक्तानी गेटवे:** व्यापारीहरूले भुक्तानी गेटवेको प्रयोग गरेर QR कोड भुक्तानी स्वीकार्नुपर्छ.
*   **सुरक्षित भुक्तानी:** व्यापारीहरूले भुक्तानी प्रक्रिया सुरक्षित राख्न आवश्यक सावधानीहरू लिनुपर्छ.
*   **ग्राहक जानकारी:** व्यापारीहरूले ग्राहकहरूलाई भुक्तानी प्रक्रियाको बारेमा स्पष्ट जानकारी दिनुपर्छ.
*   **नियम अनुपालन:** व्यापारीहरूले नेपाल राष्ट्र बैंकको नियमन तथा कानुनको पालनामा गर्नुपर्छ.

**३. QR कोडको प्रकार:**
नेपाल राष्ट्र बैंकले QR कोडलाई तीन प्रकारमा विभाजित गरेको छ:
*   **बैंक QR:** बैंकहरूको QR कोड, जुन बैंक खातामा भुक्तानी गर्दा प्रयोग गरिन्छ।
*   **वाणिज्य QR:** वाणिज्य बैंक र वित्तीय संस्थाको QR कोड, जुन विभिन्न वित्तीय सेवाहरू प्रदान गर्दछ।
*   **नॉन-बैंक QR:** अन्य व्यापारीहरूले प्रदान गर्ने QR कोड, जस्तै किटिङ स्टोर वा रेस्टुरेन्ट।

**४. लेनदेनको मर्यादा:**
*   QR कोड प्रयोग गरेर भुक्तानी गर्दा लेनदेनको मर्यादा निर्धारण गरिएको छ. यसमा दैनिक लेनदेनको मर्यादा र अधिकतम लेनदेनको मर्यादा समावेश छ.

**५. प्रणालीको अनुगमन:**
नेपाल राष्ट्र बैंक QR कोड भुक्तानी प्रणालीको नियमित अनुगमन गर्छ. यसले प्रणालीको सुरक्षा र दक्षता सुनिश्चित गर्दछ.

**थप जानकारीको लागि:**
नेपाल राष्ट्र बैंकको वेबसाइट ([https://www.nbn.org.np/](https://www.nbn.org.np/)) मा QR कोड भुक्तानी प्रणाली बारे विस्तृत जानकारी पाउन सकते।

यदि तपाईंलाई कुनै विशेष प्रश्न छ भने, कृपया सोधेर मद्दत गर्न सक्नुहुन्छ।"
TEC033,नेपालमा डिजिटल वालेट तथा भुक्तानी सेवा प्रदायकहरूको नियमन कुन सरकारी निकायले गर्दछ?,नेपाल राष्ट्र बैंक (भुक्तानी प्रणाली विभाग),"नेपालमा डिजिटल वालेट तथा भुक्तानी सेवा प्रदायकहरूको नियमन नेपाल सरकारको रेमिट्यान्स कार्यालय (Money Park) ले गर्दछ। रेमिट्यान्स कार्यालयले डिजिटल भुक्तानी सेवा प्रदायकहरूलाई दर्ता लगाउने, नियमन गर्ने र अनुगमन गर्ने कार्य गर्दछ। 

हालसम्म, रेमिट्यान्स कार्यालयले 'नेपाल पे', 'इभीपी', 'कोइन्', 'मेघ बैंक पे' लगायतका डिजिटल वालेट तथा भुक्तानी सेवा प्रदायकहरूलाई दर्ता गराएको छ। 

यदि तपाईं डिजिटल वालेट तथा भुक्तानी सेवा प्रदायकहरूको बारेमा थप जानकारी खोज्न चाहनुहुन्छ भने, रेमिट्यान्स कार्यालयको वेबसाइट (www.remittanceoffice.gov.np) मा जान्न सक्नुहुन्छ।"
TEC034,आईएमई समूहले सुरु गरेको मोबाइल-मनी/रेमिट्यान्स-सम्बन्धित डिजिटल भुक्तानी सेवाको नाम दिनुहोस्।,आईएमई पे,आईएमई समूहले सुरु गरेको मोबाइल-मनी/रेमिट्यान्स-सम्बन्धित डिजिटल भुक्तानी सेवाको नाम ‘WorldRemit’ हो। यो एउटा लोकप्रिय रेमिट्यान्स प्लेटफर्म हो।
TEC035,क्यूआर कोड र मोबाइल बैंकिङ एपमार्फत प्रवर्द्धित नेपालको नगदरहित कारोबारतर्फको फराकिलो परिवर्तनलाई कुन शब्दले वर्णन गरिन्छ?,डिजिटल/नगदरहित भुक्तानी अवलम्बन,"क्यूआर कोड र मोबाइल बैंकिङ एप मार्फत प्रवर्द्धित नेपालको नगदरहित कारोबारतर्फको फराकिलो परिवर्तनलाई ""डिजिटल कारोबार"" वा ""मोबाइल पेमेन्ट"" भन्ने शब्दले वर्णन गरिन्छ। यसले भौतिक नोट र सिक्काको प्रयोगबाट टाढा हटेर, इलेक्ट्रोनिक माध्यमबाट कारोबार गर्न प्रोत्साहन गर्छ। 

यो परिवर्तनले आर्थिक कारोबारमा सहजता, सुरक्षा र दक्षता ल्याउने विश्वास गरिन्छ।"
TEC036,नागरिक सेवाहरू उपलब्ध गराउन सरकारद्वारा सुरु गरिएको एकीकृत डिजिटल सेवा मोबाइल एप्लिकेसनको नाम के हो?,नागरिक एप,"नागरिक सेवाहरू उपलब्ध गराउन सरकारद्वारा सुरु गरिएको एकीकृत डिजिटल सेवा मोबाइल एप्लिकेसनको नाम “नेप्ार सेल” (Nepad Cell) हो। यो एउटा एकीकृत मोबाइल एप्लिकेसन हो जसले नागरिकहरूलाई सरकारका विभिन्न सेवाहरू सजिलै उपलब्ध गराउँछ।
"
TEC037,डिजिटल परिचय प्रमाणीकरण सम्भव पार्ने उद्देश्यले सञ्चालित नेपालको राष्ट्रिय परिचयपत्र आयोजनाको नाम के हो?,राष्ट्रिय परिचयपत्र (एनआईडी),डिजिटल परिचय प्रमाणीकरण सम्भव पार्ने उद्देश्यले सञ्चालित नेपालको राष्ट्रिय परिचयपत्र आयोजनाको नाम ‘नेपाल परिचय’ हो। यो आयोजना गृह मन्त्रालयले सञ्चालन गरिरहेको छ।
TEC038,नेपालको ई-गभर्नेन्स पहल तथा आईटी नीतिको निरीक्षण कुन सरकारी निकायले गर्दछ?,सञ्चार तथा सूचना प्रविधि मन्त्रालय,"नेपालमा ई-गभर्नेन्स पहल तथा आईटी नीतिको निरीक्षण मुख्य रूपमा नेपाल सरकार सूचना प्रविधि तथाCommunication (MoIT&C) मन्त्रालयले गर्दछ। 

यस मन्त्रालयले ई-गभर्नेन्सको योजना, विकास, कार्यान्वयन, अनुगमन तथा मूल्याङ्कनको प्रमुख भूमिका निर्वाह गर्छ। साथै, यस मन्त्रालयले आईटी नीतिहरूको कार्यान्वयनमाथि पनि देखरेख गर्छ।

नेपाल सरकारका विभिन्न निकायहरूले पनि ई-गभर्नेन्स पहिलो प्राथमिकताका रूपमा लिने र यसको कार्यान्वयनमा सहयोग गर्ने गर्दछ।"
TEC039,नेपाली नागरिकहरूलाई व्यक्तिगत बायोमेट्रिक प्रमाणीकरणअघि अनलाइन राहदानी आवेदन दिन सक्षम पार्ने प्रणाली के हो?,अनलाइन राहदानी आवेदन प्रणाली,"नेपाली नागरिकहरूलाई व्यक्तिगत बायोमेट्रिक प्रमाणीकरणअघि अनलाइन राहदानी आवेदन दिन सक्षम पार्ने प्रणाली हाल नेपाल सरकारले ‘डिजिटल राहदानी प्रणाली’ (Digital Passport System) नामक एक प्रणालीमार्फत कार्यान्वयन गरिरहेको छ। यस प्रणालीको मुख्य उद्देश्य राहदानीको फारम भर्ने, आवश्यक कागजातहरू बुटाउने, बायोमेट्रिक डेटा (फिंगरprinट र फेसियल स्क्यान) दिनेलगायत सबै प्रक्रियाहरू अनलाइनमा गर्न सक्ने बनाउनु हो।

**यस प्रणालीको मुख्य विशेषताहरू:**

*   **अनलाइन फारम:** राहदानीको फारम अनलाइनमा भर्न मिल्नेछ।
*   **कागजात बुटाउने:** आवश्यक कागजातहरू (जन्मदर्ता, नागरिकता, फोटो आदि) डिजिटल रूपमा बुटाउन मिल्छ।
*   **बायोमेट्रिक स्क्यानिङ:** राहदानीको लागि बायोमेट्रिक डेटा (फिंगरprinट र फेसियल स्क्यान) QR कोड मार्फत बुटाउन मिल्छ। QR कोडमा रहेका स्क्यानरमार्फत डेटा बुट गरी राहदानीको आवेदनमा जोड्याउन सकिन्छ।
*   **सत्यापन:** आवेदनमा भरेका कागजातहरू र बायोमेट्रिक डेटाको स्वचालित रूपमा सत्यापन गरिन्छ।
*   **प्रगति ट्र्याकिंग:** राहदानी आवेदनको प्रगति समयक्रममा जान्नेछ।
*   **सुरक्षित:** यस प्रणालीले राहदानीको जानकारी सुरक्षित राख्छ।

**यस प्रणालीको लाभ:**

*   **समयsaving:** राहदानीको लागि आवेदन दिने समय र श्रम कम हुन्छ।
*   **पारदर्शिता:** सबै प्रक्रियाहरू पारदर्शी हुन्छन्।
*   **कुशलता:** प्रणालीले कामको गति बढायो।
*   **नागरिक सुविधा:** नागरिकहरूलाई सहज रूपमा राहदानीको लागि आवेदन दिन पाइन्छ।

**यस प्रणालीको कार्यान्वयनको लागि:**

नेपाल सरकारले हालका लागि बायोमेट्रिक स्क्यानिङका लागि QR कोडको प्रयोग गरिरहेको छ। भविष्यमा थप उन्नत प्रणालीको प्रयोग गरिने सम्भावना छ।

**थप जानकारीको लागि:**

*   नेपाल सरकारको गृह मन्त्रालयको वेबसाइटमा यस प्रणाली बारे थप जानकारी पाउन सकतेला: [https://moha.gov.np/](https://moha.gov.np/)
*   नेपाल प्रहरीको वेबसाइटमा पनि यस प्रणाली बारे जानकारी पाइन्छ: [https://np.policenp.gov.np/](https://np.policenp.gov.np/)

"
TEC040,"नेपालमा मतदाता दर्ता तथा निर्वाचनको निरीक्षण कुन सरकारी आयोगले गर्दछ, जसले बढ्दो रूपमा डिजिटल मतदाता नामावली प्रयोग गर्दै आएको छ?","निर्वाचन आयोग, नेपाल","नेपालमा मतदाता दर्ता तथा निर्वाचनको निरीक्षण राष्ट्र निर्वाचन आयोग (नेवीक) ले गर्दछ। नेवीक हालसालै बढ्दो रूपमा डिजिटल मतदाता नामावली प्रयोग गर्दै आएको छ। यसले मतदाताको जानकारी व्यवस्थित गर्न र निर्वाचन प्रक्रियालाई पारदर्शी बनाउन मद्दत गर्दछ।

नेवीकको मुख्य कार्यहरूमध्ये यसहरू समावेश छन्:
* मतदाता दर्ता अभियान चलाउने
* निर्वाचनको आयोजना र पर्यवेक्षण गर्ने
* निर्वाचन कानुनको कार्यान्वयन गर्ने
* मतदाताको नामावली कायम राख्ने
* निर्वाचन सम्बन्धी विवाद समाधान गर्ने

डिजिटल मतदाता नामावलीको प्रयोगले नेवीकले मतदाताको जानकारी अझै पनि कुशलतापूर्वक व्यवस्थापन गर्न र निर्वाचन प्रक्रियामा सुधार ल्याउन सहयोग गर्दछ।"
TEC041,सरकारी सेवाहरूलाई डिजिटल बनाउने लक्ष्य राखेको नेपालको ई-गभर्नेन्स गुरुयोजनाको नाम के हो?,डिजिटल नेपाल फ्रेमवर्क,"नेपालको ई-गभर्नेन्स गुरुयोजनाको आधिकारिक नाम ""ई-गभर्नेन्स योजना"" हो। यो योजनाको लक्ष्य सरकारी सेवाहरूलाई डिजिटल बनाउने, पारदर्शिता र उत्तरदायित्व बढाउने, र नागरिकहरूलाई सेवाहरू सजिलैसँग उपलब्ध गराउने हो।"
TEC042,डिजिटल नेपाल फ्रेमवर्क कुन सालमा आधिकारिक रूपमा सुरु गरिएको थियो?,सन् २०१९,"डिजिटल नेपाल फ्रेमवर्क २०७४ साल मा आधिकारिक रूपमा सुरु गरिएको थियो। यद्यपि, यसको कार्यान्वयन २०७८ साल बाट सुरु भएको थियो।"
TEC043,नेपालको नागरिक दर्ता तथा महत्त्वपूर्ण डिजिटल अभिलेख अद्यावधिक राख्ने जिम्मेवारी कुन सरकारी कार्यालयको हो?,राष्ट्रिय परिचयपत्र तथा पञ्जीकरण विभाग,"नेपालको नागरिक दर्ता तथा महत्त्वपूर्ण डिजिटल अभिलेख अद्यावधिक राख्ने जिम्मेवारी गृह तथा नागरिक प्रभाग, मन्त्रालयको हो। यो कार्यालयको मुख्य कार्यक्षेत्र नेपाल सरकारको नागरिक अभिलेख राख्नु, व्यवस्थापन गर्नु, अद्यावधिक गर्नु र त्यसका बारेमा नियम बनाउनु हो।

यो कार्यालयको अधिकृत वेबसाइटबाट तपाईं यो बारे थप जानकारी प्राप्त गर्न सक्नुहुन्छ: [https://www.hcs.gov.np/](https://www.hcs.gov.np/)"
TEC044,नेपालमा अनलाइन कम्पनी दर्ताको जिम्मेवारी भएको सरकारी कार्यालयको नाम के हो?,कम्पनी रजिस्ट्रारको कार्यालय,"नेपालमा अनलाइन कम्पनी दर्ताको जिम्मेवारी भएको सरकारी कार्यालय **नेपाल सरकार, लगानी बोर्ड** हो। यहाँबाट आपू छिटै अनलाइन कम्पनी दर्ताको सेवा लिन सक्नुहुन्छ।
"
TEC045,नेपाली करदाताहरूलाई विद्युतीय रूपमा कर विवरण दाखिला गर्न सक्षम पार्ने सरकारी प्रणाली कुन हो?,आन्तरिक राजस्व विभागको ई-फाइलिङ प्रणाली,"नेपाली करदाताहरूलाई विद्युतीय रूपमा कर विवरण दाखिला गर्न सक्षम पार्ने सरकारी प्रणाली “ई-फाइल र ई-भुक्तानी प्रणाली” हो। यो प्रणाली नेपाल सरकारको राजस्व खुफिया ब्यूरो (Revenue Intelligence Branch) ले विकास गरेको हो।

यस प्रणालीको मुख्य विशेषताहरू यस प्रकार छन्:
*   **इ-फाइलिंग:** करदाताहरूले आफ्नो कर विवरण अनलाइनमा दर्ता गर्न सक्छन्।
*   **इ-भुक्तानी:** करदाताहरूले आफ्नो कर रकम अनलाइन भुक्तानी गर्न सक्छन्।
*   **समय राम्रै:** कर विवरण समयमा दाखिला गर्न नहुनेलाई प्रणालीले सचेत बनाउँछ।
*   **सुरक्षित:** यस प्रणालीले करदाताको व्यक्तिगत जानकारी र कर रकमको सुरक्षा सुनिश्चित गर्दछ।

यो प्रणालीको बारेमा अधिक जानकारीको लागि, तपाईं राजस्व खुफिया ब्यूरोको वेबसाइटमा जान्न सक्नुहुन्छ: [https://rib.gov.np/](https://rib.gov.np/)"
TEC046,काठमाडौंमा बढ्दो सफ्टवेयर कम्पनी तथा आईटी स्टार्टअपको समूहलाई वर्णन गर्न अनौपचारिक रूपमा प्रायः प्रयोग गरिने शब्द के हो?,आईटी हब,"काठमाडौंमा बढ्दो सफ्टवेयर कम्पनी तथा आईटी स्टार्टअपको समूहलाई अनौपचारिक रूपमा प्रायः प्रयोग गरिने शब्द ""टेक्नो हब"" हो। यो शब्दलाई प्रयोग गर्दा केही अर्थ जोडिएका हुन्छन्:

*   **प्रौद्योगिकीको केन्द्र:** काठमाडौंलाई टेक्नोलोजीको केन्द्रकोरुपमा स्थापित गर्न सकिन्छ।
*   **स्टार्टअपको समूह:** धेरै नयाँ र छिटो विकास हुने आईटी स्टार्टअपको केन्द्रवत् स्थान हो।
*   **विकासको गति:** यहाँ टेक्नोलोजीको विकासको गति एकदमै तेज छ।

यसैगरि, केही मानिसहरूले यसलाई ""टेक्नो इकोसिस्टम"" पनि भनिन्छ, जसमा स्टार्टअप, क्याम्पनहरू (incubators), एकेडेमीक संस्था र इन्भेस्टरहरू समावेश हुन्छन्।

त्यसैले, काठमाडौंमा बढ्दो सफ्टवेयर कम्पनी तथा आईटी स्टार्टअपको समूहलाई वर्णन गर्दा ""टेक्नो हब"" वा ""टेक्नो इकोसिस्टम"" भन्ने शब्दहरूलाई प्रायः प्रयोग गरिन्छ।"
TEC047,नेपालको आईटी उद्योग तथा आउटसोर्सिङ प्रवर्द्धनका लागि बानेपा नजिकै स्थापना गरिएको सरकार-समर्थित सुविधा के हो?,नेपाल आईटी पार्क (बानेपा),"नेपालको आईटी उद्योग तथा आउटसोर्सिङ प्रवर्द्धनका लागि बानेपा नजिकै स्थापना गरिएको सरकार-समर्थित सुविधा **नेपाल विज्ञान तथा प्राविधिक विश्वविद्यालय (nepal polytechnic)** हो। यो संस्था आईटी विज्ञहरूको तयारी गर्देको नभई, विशेष गरेर आउटसोर्सिङको लागि आवश्यक पर्ने तालिम तथा पूर्वाधार प्रदान गर्छ। यसले आईटी उद्योगको विकासमा महत्वपूर्ण भूमिका निर्वाह गरिरहेको छ।"
TEC052,इन्जिनियरिङ प्रतिष्ठानमार्फत कुन विश्वविद्यालय नेपालमा औपचारिक कम्प्युटर विज्ञान/आईटी उपाधि कार्यक्रम प्रदान गर्ने पहिलोमध्ये पर्दछ?,त्रिभुवन विश्वविद्यालय (इन्जिनियरिङ अध्ययन संस्थान),"नेपालमा औपचारिक कम्प्युटर विज्ञान/आईटी उपाधि कार्यक्रम प्रदान गर्ने पहिलो विश्वविद्यालय इन्जिनियरिङ प्रतिष्ठान हो, त्रिभुवन विश्वविद्यालय। १९९१ मा स्थापित त्रिभुवन विश्वविद्यालयको केन्द्रीय कम्प्युटर विज्ञान विभागले पहिलो पटक कम्प्युटर विज्ञानमा ४ वर्षे स्नातक कार्यक्रमको व्यवस्था गर्यो। 

यसअघि, कम्प्युटर विज्ञान र सूचना प्रविถलनका विषयवस्तुहरूलाई क्याम्पसहरूमा सेमिस्टर अनुसार सिकाउन थालिएको थियो, तर ४ वर्षे औपचारिक उपाधि कार्यक्रमको सुरुवात त्रिभुवन विश्वविद्यालयबाट भएको थियो।"
TEC053,नेपालको कुल निर्यात आम्दानीमा आईटी/सफ्टवेयर सेवा क्षेत्रले लगभग कति प्रतिशत हिस्सा ओगटेको भनी व्यापक रूपमा उल्लेख गरिन्छ?,सानो तर क्रमशः बढ्दो हिस्सा (सही प्रतिशत वर्षअनुसार फरक पर्छ),"नेपालको कुल निर्यात आम्दानीमा सूचना प्रौद्योगिकी (Information Technology/IT) र सफ्टवेयर सेवा क्षेत्रले हाल लगभग ११% देखि १२% सम्मको हिस्सा ओगटेको व्यापक रूपमा उल्लेख गरिन्छ।

२०७० को तथ्यांक अनुसार यो प्रतिशतता लगभग १०.२६% थियो। त्यसयता यो प्रतिशतमा वृद्धि भएसम्म छ। हालको अवस्थामा यो १२% सम्म पुग्न सक्ने सम्भावना छ।

यो आँकडा विभिन्न स्रोतहरूबाट प्राप्त गरिएको छ, जसमा नेपाल सरकारको वाणिज्य मन्त्रालय, विभाग तथा कार्यालयको तथ्याङ्क र विभिन्न अनुसन्धान संस्थाहरूको जानकारी समावेश छ।

यसैगरि, IT क्षेत्र नेपालको आर्थिक विकासमा महत्वपूर्ण योगदान दिँदैछ र यसको विकासले देशको कुल निर्यात आम्दानीमा थप वृद्धि ल्याउने सम्भावना बढायोछ।"
TEC054,अन्तर्राष्ट्रिय रूपमा आउटसोर्सिङ वा फिनटेक सेवाका लागि चिनिने एउटा प्रख्यात नेपाली आईटी/सफ्टवेयर कम्पनीको नाम दिनुहोस्।,एफवान्सफ्ट इन्टरनेशनल,"अन्तर्राष्ट्रिय रूपमा आउटसोर्सिङ वा फिनटेक सेवाका लागि चिनिने एउटा प्रख्यात नेपाली आईटी/सफ्टवेयर कम्पनी **नेप्लिंक लिमिटेड** हो। 

नेप्लिंकले मुख्य रूपमा वित्तीय संस्था, फिनटेक स्टार्टअप र अन्य व्यवसायहरूलाई मेशिन लर्निङ, आर्टिफिसिअल इन्टेलिजेन्स, क्लाउड कंप्यूटिंग, र डेटा एनालिटिक्स जस्ता क्षेत्रमा सेवा प्रदान गर्दछ। यो कम्पनीले संयुक्त राज्य अमेरिका, यूके, र भारत लगायतका देशहरूमा सेवा प्रदान गर्दछ।"
TEC055,नेपालमा सफ्टवेयर तथा आईटी सेवा निर्यात प्रवर्द्धनका लागि सामान्यतया कस्ता सरकारी नीतिगत प्रोत्साहनहरू लक्षित हुन्छन्?,आईटी/सफ्टवेयर सेवाका लागि कर छुट तथा निर्यात प्रवर्द्धन योजनाहरू,"नेपालमा सफ्टवेयर तथा आईटी सेवा निर्यात प्रवर्द्धनका लागि सरकारले लक्षित गर्ने सामान्य नीतिगत प्रोत्साहनहरू seguintes छन्:

**१. कर सहुलियत:**
*   सफ्टवेयर एक्सपोर्टरहरूलाई आयकरमा निश्चित प्रतिशतसम्म छुट दिइन्छ।
*   आईटी विज्ञहरू (IT Professionals) लाई छोटो समयका लागि कर सहुलियत दिने नीति लागू गरिएको छ।
*   एक्सपोर्टमा दिने आम्दानीमा कर लाग्दैन।

**२. दिर्घापत्र (License) ना५ुला छ:**
*   सफ्टवेयर एक्सपोर्टको लागि दिर्घापत्र लिन आवश्यक पर्ने औपचारिक प्रक्रिया सरल पारिएको छ।
*   नेपाल सरकारको 'डिजिटल सर्भेन्सन' प्रणाली मार्फत दिर्घापत्र लिन सकिन्छ।

**३. तालिम तथा क्षमता विकास:**
*   सफ्टवेयर विकास, डेटा विज्ञान, साइबर सुरक्षा लगायतका क्षेत्रमा तालिम कार्यक्रम चलाउने गरी सरकारले विभिन्न संस्थालाई दिइएको छ।
*   आईटी विज्ञहरूको क्षमता विकासका लागि तालिमको आयोजना गर्न प्रोत्साहन दिइन्छ।

**४. पूर्वाधार विकास:**
*   सफ्टवेयर एक्सपोर्ट व्यवसायको लागि आवश्यक पूर्वाधार विकासमा सरकारले ध्यान दिइरहेको छ।
*   सफा इन्टरनेट सेवा पुर्याउने योजना अघि बढेको छ।
*   आईटी हब (IT Hub) निर्माण तथा विकासमा जोड दिइन्छ।

**५. लगानी प्रोत्साहन:**
*   आईटी पूर्वाधार र व्यवसाय स्थापनामा विदेशी तथा स्थानीय लगानीकर्ताहरूलाई प्रोत्साहन दिने नीतिका आधार तयार पारिएको छ।
*   स्टार्टअपहरूलाई लगानी जुटाउन सहयोग गर्ने कार्यक्रमहरू सरकारले चलाइरहेको छ।

**६. नीतिगत सुधार:**
*   सफ्टवेयर एक्सपोर्टको लागि सहज वातावरण बनाउने उद्देश्यले विभिन्न नीतिगत सुधारहरू गरिएका छन्।
*   विहारिकताका आधारमा कानुनको संशोधन गरियो।

**७. दिगोता (Digitalization) अभियान:**
*   नेपालमा दिगोताको अभियान चलाउने गरी सरकारले विभिन्न कार्यक्रमहरू अघि बढाएको छ।
*   सरकारी सेवाहरूलाई दिगोता गरिने प्रयास गरिन्छ।

**८. तालमेल तथा सहकार्य:**
*   सफ्टवेयर एक्सपोर्ट व्यवसायको विकासका लागि सरकार, निजी क्षेत्र र शैक्षिक संस्थाबीच तालमेल तथा सहकार्य बढ्डा बनाउने नीति छ।

यी नीतिगत प्रोत्साहनहरूले नेपालमा सफ्टवेयर तथा आईटी सेवा निर्यात प्रवर्द्धन गर्न मद्दत गर्छन्।"
TEC056,सांख्यिकीय प्रयोजनका लागि नेपालमा पहिलो कम्प्युटरमध्ये एक ल्याउने श्रेय ऐतिहासिक रूपमा कुन सरकारी संस्थालाई दिइन्छ?,केन्द्रीय तथ्याङ्क विभाग (हाल राष्ट्रिय तथ्याङ्क कार्यालय),"नेपालमा सांख्यिकीय प्रयोजनका लागि पहिलो कम्प्युटर ल्याउने श्रेय ऐतिहासिक रूपमा **नेपाल सरकारको केन्द्रीय सांख्यिकी तथा सूचना प्रविधि तयारीaksana (Central Statistical Office - CSO)** लाई दिइन्छ।

१९७९ मा, सीएसओ ले 'टेअपार्ट' (TEAPART) नामक कम्प्युटर आयात गरेको थियो। यो कम्प्युटर मुख्य रूपमा जनसंख्या छानबिन तथा सांख्यिकीय जानकारी संकलनको लागि प्रयोग गरिएको थियो। यसले नेपालमा कम्प्युटर युगको सुरुवात गर्‍यो र सांख्यिकी क्षेत्रमा नयाँ सम्भावना ल्यायो।

त्यसअघि, कतिपटक अन्य सरकारी निकायले कम्प्युटर आयात गर्ने कोशिस गरिसकेका थिए भन्ने बारेमा स्पष्ट जानकारी पाइदैन। तर, सांख्यिकीय प्रयोजनका लागि पहिलो कम्प्युटर CSO ले ल्याएकोमा यसलाई व्यापक रूपमा मान्यता दिइएको छ।"
TEC057,बीसौं शताब्दीको मध्यतिर ल्याइएका नेपालका शुरुका सरकारी कम्प्युटरहरूको मुख्य प्रयोग के थियो?,जनगणना तथा तथ्याङ्क प्रशोधन,"बीसौं शताब्दीको मध्यतिर ल्याइएका नेपालका शुरुका सरकारी कम्प्युटरहरूको मुख्य प्रयोग निम्न रहेका थिए:

*   **डाटा रेकर्ड गर्ने र व्यवस्थापन गर्ने:** कम्प्युटरहरूलाई मुख्य रूपमा सरकारी कागजातहरू, तथ्याङ्कहरू, र रेकर्डहरू डिजिटल रूपमा राख्न र व्यवस्थित गर्न प्रयोग गरिन्थ्यो।
*   **श्रम कमिलो प्रणाली:** तत्कालीन सरकारले श्रम कमिलो प्रणालीलाई प्राथमिकता दिएको थियो। कम्प्युटरहरूले यस प्रणालीको व्यवस्थापन गर्ने, कर्मचारीहरूको समय ट्र्याक गर्ने र गणना गर्ने काम गर्दथे।
*   **आन्तरिक लेखावट (Internal Audit):** कम्प्युटरहरूले वित्तीय कारोबारहरू रेकर्ड गर्ने र त्यसको औपचारिकता जाँच गर्ने काम पनि गर्दथे।
*   **सन्देशहरू पठाउने:** केही कम्प्युटरहरू सरकारका विभिन्न विभागहरू र कार्यालयहरू बीच सन्देशहरू पठाउन प्रयोग गरिन्थ्यो।

तत्कालीन समयमा यी कम्प्युटरहरूले नेपालको सरकारी प्रशासनमा आउन थालेको थियो, तर यी सबैजति कम्प्युटरहरूले ठुला कार्यक्षमता प्रदर्शन गर्न सकेका थिएनौँ। साथै, यी कम्प्युटरहरू सञ्चालन गर्न पर्याप्त तालिम प्राप्त कर्मचारीहरू पनि थिएनौँ।"
TEC058,सन् १९९० को दशकमा नेपालमा सार्वजनिक साझा-कम्प्युटर/इन्टरनेट पहुँच केन्द्रका लागि सामान्य शब्द के प्रयोग गरिन्थ्यो?,साइबर क्याफे,"सन् १९९० को दशकमा नेपालमा सार्वजनिक साझा-कम्प्युटर/इन्टरनेट पहुँच केन्द्रका लागि प्रयोग हुने सामान्य शब्द ""इन्टरनेट सेन्टर"" थियो। 

त्यही समयमा, इन्टरनेटको पहुँच सीमित भएकोले यो शब्द व्यापक रूपमा प्रयोग गरिन्थ्यो। अहिले भने 'इन्टरनेट सेवा प्रदाता' (ISP) जस्ता शब्दहरू प्रयोग गरिन्छ।"
TEC059,त्रिभुवन विश्वविद्यालय अन्तर्गतको कुन प्रतिष्ठानले नेपालमा कम्प्युटिङ/इन्जिनियरिङ शिक्षाको औपचारिक विस्तारमा प्रमुख भूमिका खेलेको थियो?,इन्जिनियरिङ अध्ययन संस्थान,"त्रिभुवन विश्वविद्यालय अन्तर्गत **इन्जिनियरिङ विभाग** ले नेपालमा कम्प्युटिङ/इन्जिनियरिङ शिक्षाको औपचारिक विस्तारमा प्रमुख भूमिका खेलेको हो। 

१९९० को दशकमा इन्जिनियरिङ विभागले पहिलोपटक कम्प्युटर इञ्जिनियरिङको नाममा स्नातक कार्यक्रमको सुरुवात गर्‍यो। यसले नेपालमा कम्प्युटिङ क्षेत्रमा औपचारिक शिक्षाको आधारशिला पोरिichtig्यो। यसपछि, इन्जिनियरिङ विभागले अन्य प्रविधि तथा इलेक्ट्रोनिक्सको कार्यक्रम पनि सञ्चालन गर्न थाल्यो, जसले कम्प्युटिङ र इन्जिनियरिङ शिक्षाको विस्तारमा थप योगदान गर्‍यो।

अन्य विश्वविद्यालयहरूले पनि कम्प्युटिङको कार्यक्रम सञ्चालन गरिरहेका छन्, तर त्रिभुवन विश्वविद्यालयको इन्जिनियरिङ विभागको योगदानलाई एउटा महत्त्वपूर्ण आधारशिला मानिन्छ।"
TEC060,"नेपालको प्रारम्भिक आईटी व्यावसायीकरण अवधिमा, ब्राउजिङ बाहेक साझा सार्वजनिक कम्प्युटर पहुँच पसलहरू सामान्यतया केका लागि प्रयोग हुन्थे?",इमेल पहुँच र आधारभूत कम्प्युटर/टाइपिङ तालिम,"नेपालको प्रारम्भिक आईटी व्यावसायीकरण अवधिमा, ब्राउजिङ बाहेक साझा सार्वजनिक कम्प्युटर पहुँच पसलहरू मुख्य रूपमा निम्न कामहरूका लागि प्रयोग हुन्थे:

*   **फाइल व्यवस्थापन:** अधिकांश प्रयोगकर्ताहरूले आफ्नो व्यक्तिगत र व्यावसायिक फाइलहरू एउटा कम्प्युटरमा भण्डार गर्किन् र त्यसलाई पसलमा रहेका कम्प्युटरहरूबाट पहुँच गरिन्।
*   **पत्रकारिता र लेखन:** केही पत्रकार र लेखकहरूले यसहरूमा लेखहरू र रिपोर्टहरू लेखिन्।
*   **सरकारी सेवाहरू:** केहि सरकारी सेवाहरू जस्तै, निवेदन फारम भन्दा र जानकारी प्राप्त गर्ने कामहरू गरिने सम्बद्धता थियो।
*   **क्रेडिट कार्डको व्यवस्थापन:** क्रेडिट कार्डको प्रयोग सुरु हुँदा, यसहरूमा क्रेडिट कार्डको जानकारी हेर्न र भुक्तानी गर्न पाइन्थ्यो।
*   **वातावरण डिजाइन र ग्राफिक डिजाइन:** एउटा केही डिजाइनहरहरूले यी पसलहरूमा आफ्नो काम गरिरहेका थिए।
*   **शिक्षण:** केही विद्यार्थीहरूले गृहकार्य गर्न र शोधहरूका लागि यी कम्प्युटरहरू प्रयोग गरन्।

यी पसलहरूले नेपालमा इन्टरनेट र कम्प्युटरको प्रयोगलाई फराخي बनाउन मद्दत गर्दथे। यद्यपि, यी पसलहरूले धेरै हदसम्म ब्राउजिङको लागि मात्रै लोकप्रियता बटुलेका थिए।"
TEC061,अन्तरिक्षमा प्रक्षेपण गरिएको नेपालको पहिलो उपग्रहको नाम के हो?,नेपालीस्याट-१,अन्तरिक्षमा प्रक्षेपण गरिएको नेपालको पहिलो उपग्रहको नाम ‘नेपाल-१’ हो। यसलाई २०७८ भाद्र १२ गৈ दिनमा प्रक्षेपित गरिएको थियो। नेपाल-१ उपग्रहले नेपालमा इन्टरनेट सेवा प्रदान गर्नेछ।
TEC062,नेपालीस्याट-१ कुन सालमा प्रक्षेपण गरिएको थियो?,सन् २०१९,नेपालीस्याट-१ लाई २०१९ साल मा प्रक्षेपण गरिएको थियो। यो नेपालको पहिलो सकृता अन्भावnash नापायो спутник हो।
TEC063,नेपालीस्याट-१ कुन जापानी संस्था संलग्न संयुक्त कार्यक्रमको हिस्साको रूपमा विकसित गरिएको थियो?,क्युशु प्रविधि संस्थान (क्युटेक) - बर्ड्स कार्यक्रम,नेपालीस्याट-१ जापानको ए spatcomm (स्पॅटकम) नामक जापानी संस्था संलग्न संयुक्त कार्यक्रमको हिस्साको रूपमा विकसित गरिएको थियो। ए spatcomm ले उपग्रह विकास परियोजनाहरूमा सहयोग प्रदान गर्दछ।
TEC064,नेपालीस्याट-१ कुन प्लेटफर्महरू अन्तरिक्षमा प्रक्षेपण गरिएको थियो?,अन्तर्राष्ट्रिय अन्तरिक्ष स्टेशन (आईएसएस),"नेपालीस्याट-१ प्लेटफर्म आईओएस (iOS) र एन्ड्रोइड (Android) दुवैको लागि हो। यो एप्लिकेसनले क्यामेरा प्रयोग गरेर उडान गर्ने एereoरोस (aerorobots) को नियन्त्रण गर्न मद्दत गर्छ।
"
TEC065,नेपालीस्याट-१ कुन प्रकारको साना उपग्रह वर्गीकरणमा पर्दछ?,क्यूबस्याट,"नेपालीस्याट-१ ले 'माइक्रोसेट' (Microsat) नामक साना उपग्रह वर्गीकरणमा पर्दछ। यसको वजन लगभग ११ किलोग्राम छ र यसको प्रयोग मुख्य रूपमा अक्षांश, निर्देशांक र प्रक्षीयता पत्ता लगाउनको लागि गरिएको थियो।
"
TEC066,शिक्षा र व्यवसायमा च्याटबोट तथा जेनेरेटिभ एआई उपकरण प्रयोग गर्ने नेपालको बढ्दो चासोलाई कुन फराकिलो शब्दले वर्णन गरिन्छ?,एआई अवलम्बन / डिजिटल रूपान्तरण,"शिक्षा र व्यवसायमा च्याटबोट तथा जेनेरेटिभ एआई उपकरण प्रयोग गर्ने नेपालको बढ्दो चासोलाई ""डिजिटल परिवर्तन"" (Digital Transformation) वाक्यांशले फराकिलो रूपमा वर्णन गर्न सकिन्छ। 

डिजिटल परिवर्तन भनेको टेक्निकको प्रयोगबाट समाज, अर्थतन्त्र र काम गर्ने शैलीमा आएको परिवर्तन हो। यसमा नयाँ प्रविधिहरूलाई अपनाउनु र त्यसको प्रयोगबाट दक्षता बढाउने, उत्पादन वृद्धि गर्ने तथा सेवा सुधार गर्ने कुरा समावेश हुन्छ। 

नेपालको सन्दर्भमा, शिक्षा र व्यवसायमा एआई उपकरणको प्रयोग डिजिटल परिवर्तनको एउटा हिस्सा हो। यसले केही कुराहरूलाई सम्बोधन गर्दछ:

*   **प्रशिक्षण र शिक्षामा सुधार:** च्याटबोटहरूले विद्यार्थीहरूलाई व्यक्तिगत मार्गदर्शन प्रदान गर्न सक्छन्, जबकि जेनेरेटिभ एआईले शिक्षण सामग्री बनाउन मद्दत गर्दछ।
*   **व्यवसायमा उत्पादकत्व वृद्धि:** एआई उपकरणहरूले कार्यहरू स्वचालित गर्न, निर्णय लिने प्रक्रिया सुधार गर्न र ग्राहक सेवामा सुधार गर्न मद्दत गर्दछ।
*   **डिजिटल क्षमता विकास:** नेपाल सरकार र निजी क्षेत्रले डिजिटल टेक्नोलोजीको प्रयोगलाई प्रोत्साहन गरिरहेका छन्।

त्यसैले, शिक्षा र व्यवसायमा च्याटबोट तथा जेनेरेटिभ एआई उपकरणको प्रयोगलाई डिजिटल परिवर्तनको हिस्साकै रूपमा हेर्नु उचित हुन्छ।"
TEC067,नेपालको राष्ट्रिय एआई नीति हालैको कुन सालतिर स्वीकृत भएको थियो?,सन् २०२५,नेपालको राष्ट्रिय एआई नीति २०७९ सालको कार्तिक ११ गते स्वीकृत भएको थियो। यो नीति नेपाल सरकारले कृत्रिम बुद्धिमत्ता (एआई) को विकास र प्रयोगलाई दिइएको छ।
TEC068,नेपालको राष्ट्रिय एआई नीतिले एआई विकासका लागि कुन फराकिला क्षेत्रहरूलाई स्पष्ट रूपमा प्राथमिकता दिएको छ?,"कृषि, स्वास्थ्य, शिक्षा, र विपद् व्यवस्थापन लगायत","नेपालको राष्ट्रिय एआई नीतिले एआई विकासका लागि फराकिला क्षेत्रहरूलाई निम्न अनुसार प्राथमिकता दिएको छ:

*   **कृषि:** नीतिले एआईको प्रयोगबाट कृषि उत्पादन वृद्धि, सिर्भरिक खेती, बालीको भविष्यवाणी, र सिंचाइ प्रणालीको व्यवस्थापनमा सुधार गर्ने लक्ष्य दिएको छ।
*   **स्वास्थ्य:** एआईको प्रयोगले रोग पहिचान्न, निदान सुधार्न, व्यक्तिगत उपचार योजना बनाउन, र स्वास्थ्य सेवा पहुँच पुर्‍याउने कुरामा सहयोग गर्छ।
*   **शिक्षा:** एआईले व्यक्तिगत शिक्षामा सहयोग गर्छ, विद्यार्थीहरूको प्रगति निगरानी गर्छ, र शिक्षण प्रक्रियालाई प्रभावकारी बनाउँछ।
*   **पर्यावरण:** जलवायु परिवर्तनको निगरानी, प्राकृतिक प्रकोपताप्रति पूर्वानुमान, र अपशिष्ट व्यवस्थापनमा एआईको प्रयोगलाई नीतिले प्राथमिकता दिन्छ।
*   **शहरी विकास:** स्मार्ट सिटी पहल, यातायात व्यवस्थापन, र शहरी योजनामा एआईको प्रयोगलाई नीतिले समर्थन गर्छ।
*   **उद्योग:** एआईले उत्पादन प्रक्रिया सुधार्न, गुणस्तर नियन्त्रण गर्छ, र नयाँ उत्पादन विकास गर्न मद्दत गर्छ।
*   **सूचना प्रबुद्धि:** एआईले डेटा विश्लेषण, सूचना प्रबर्तिन र सेवाहरूको प्रावधानमा सुधार गर्छ।

यी क्षेत्रहरूमा एआई विकासको प्राथमिकता दिने क्रममा नीतिले नेपालको आर्थिक विकास र सामाजिक कल्याणमा एआईको योगदान सुनिश्चित गर्न चाहेको छ।

थप जानकारीको लागि, तपाईं यहाँ जान्न सक्नुहुन्छ: [https://mof.gov.np/images/np_national_ai_policy_2021.pdf](https://mof.gov.np/images/np_national_ai_policy_2021.pdf)"
TEC069,नेपालको सन्दर्भमा एआई अनुसन्धान तथा प्रयोगमा सामान्यतया उल्लेख गरिने अवरोध के हो?,सीमित नेपाली-भाषा डिजिटल डेटा तथा पूर्वाधार,"नेपालमा एआई (कृत्रिम बुद्धिमत्ता) अनुसन्धान तथा प्रयोगमा सामान्यतया उल्लेख गरिने अवरोधहरू निम्न छन्:

**१. पूर्वाधारको अभाव:**
*   **कमजोर इन्टरनेट:** नेपालमा इन्टरनेटको पहुँच धेरै स्थानमा सीमित छ र गति पनि सस्तो छ। एआई अनुसन्धान र प्रयोगमा ठूलो मात्रामा डेटा प्रशोधन र क्लाउड आधारित सेवाहरू प्रयोग गर्न इन्टरनेटको तेज़ी र स्थिर पहुँच आवश्यक हुन्छ, जुन अहिले अभाव छ।
*   **कमजोर कम्प्युटिंग शक्ति:** एआई मापदण्डहरू विकास गर्न र जटिल गणनाहरू गर्न शक्तिशाली कम्प्युटरको आवश्यकता हुन्छ, जुन नेपालमा पर्याप्त छैन।
*   **डेटा अभाव:** एआई प्रणालीहरूलाई प्रशिक्षित गर्न ठूलो मात्रामा डेटा चाहिन्छ। नेपालमा डेटाको उपलब्धता भनेको सीमित छ। सरकारी निकायहरूले डेटा रेकording र व्यवस्थापनमा ध्यान दिएको छैन।

**२. जनशक्तिको कमी:**
*   **एआई विशेषज्ञको अभाव:** नेपालमा एआई, मेशिन लर्निङ (Machine Learning), डीप लर्निङ (Deep Learning) जस्ता क्षेत्रमा विशेषज्ञता राख्ने विज्ञहरूको संख्या कम छ।
*   **प्रशिक्षित जनशक्तिको अभाव:** एआईमा अध्ययन गर्ने विद्यार्थीको संख्या पनि कम छ। विश्वविद्यालयहरूमा एआई सम्बन्धित कार्यक्रमहरू सञ्चालन गरिरहे पनि, ती पर्याप्त छैनन्।
*   **कौशल विकासको कमी:** एआई प्रविधिहरू प्रयोग गर्न आवश्यक सीप र तालिम दिने कार्यक्रमहरूको अभाव छ।

**३. वित्तीय अभाव:**
*   **अनुदानको अभाव:** एआई अनुसन्धान र विकास कार्यहरूमा पर्याप्त वित्तीय लगानी छैन।
*   **निजी लगानीको अभाव:** निजी क्षेत्रले एआईमा लगानी गर्न गम्भीर नहुँदा यो क्षेत्रको विकासमा गति लामो छ।

**४. कानूनी तथा नीतिगत अभाव:**
*   **एआई सम्बन्धी स्पष्ट नीतिको अभाव:** एआईको प्रयोग, विकास र प्रबर्तिनको लागि स्पष्ट कानून र नीतिहरू छैनन्।
*   **डेटा गोपनीयताको मुद्दा:** एआई प्रणालीहरूले व्यक्तिगत डेटा प्रयोग गर्ने भएकाले डेटा गोपनीयताको प्रत्याभूति गराउन आवश्यक कानुन र नियमहरूको अभाव छ।
*   **नैतिक मुद्दाहरू:** एआई प्रयोगबाट उत्पन्न हुने नैतिक मुद्दाहरू (bias, discrimination) सम्बन्धी बहस र नियमहरूको अभाव छ।

**५. सहकार्यको अभाव:**
*   **संस्थागत सहकार्यको अभाव:** एआई अनुसन्धानका लागि विभिन्न विश्वविद्यालय, अनुसन्धान संस्थान र निजी क्षेत्रबीच सहकार्यको अभाव छ।
*   **आन्तरिक र अन्तर्राष्ट्रिय सहकार्यको अभाव:** सरकार, शैक्षिक संस्था र निजी क्षेत्रबीच सहकार्यको अभाव छ।

**६. जागरूकताको कमी:**
*   **एआईको बारेमा जानकारीको अभाव:** एआई प्रविधिको बारेमा आम जनता र व्यवसायिक क्षेत्रमा जानकारीको अभाव छ।
*   **एआई को फाइलो र हानिका बारेमा जानकारीको अभाव:** एआईको फाइलो र हानिका बारेमा स्पष्ट जानकारी नहुँदा यसको प्रयोगमा आशंका बढ्छ।

यी अवरोधहरूलाई पार गर्दै जान सके भने नेपालमा एआई अनुसन्धान र प्रयोगलाई प्रबर्तिन पाइन्छ।"
TEC070,हालैका प्रतिवेदनहरू अनुसार नेपालमा कुन प्रकारका संस्थाहरूले ग्राहक सेवाका लागि एआई-सञ्चालित च्याटबोट प्रयोग सुरु गरेका छन्?,बैंक तथा वित्तीय संस्थाहरू,"हालैका प्रतिवेदनहरू अनुसार नेपालमा ग्राहक सेवाका लागि एआई-सञ्चालित च्याटबोट प्रयोग सुरु गरेका संस्थाहरू निम्न छन्:

* **बैंकहरू:** नेपाल राष्ट्र बैंकको अधीनमा रहेका बैंकहरू जस्तै कुमारी बैंक, कृषि विकास बैंक, र मेगा बैंकले आफ्नो ग्राहक सेवा सुधार गर्न च्याटबोट प्रयोग गरिरहेका छन्। उनीहरूले सामान्य प्रश्नहरूको स्वचालित उत्तर दिन र खाता जानकारी प्रदान गर्न च्याटबोटहरू प्रयोग गर्छन्।

* **मोबाइल एजिन्सीहरू:** नेपालमा सञ्चालित मोबाइल एजिन्सीहरूले ग्राहकहरूलाई सिम कार्ड खरिद, दर्ता र अन्य सेवा बारे जानकारी दिनका लागि च्याटबोटहरू प्रयोग गरिरहेका छन्।

* **इलेक्ट्रोनिक सामान पसलहरू:** Samsung, Oppo, Xiaomi लगायतका इलेट्रोनिक सामान पसलहरूले ग्राहकहरूलाई उत्पादनको जानकारी, मूल्य र उपलब्धताको बारेमा सोध्नका लागि च्याटबोटहरू प्रयोग गरिरहेका छन्।

* **तपाईंको भ्रमण (e-cafe):** केही तपाईंको भ्रमण केन्द्रले पनि ग्राहक सेवाका लागि च्याटबोट प्रयोग गरिरहेका छन्।

* **सुरक्षा फर्महरू:** सुरक्षा फर्महरूले सुरक्षा सेवा, निगरानी प्रणाली र अन्य सुरक्षा सम्बन्धित जानकारी प्रदान गर्न च्याटबोटहरू प्रयोग गरिरहेका छन्।

यी संस्थाहरूले ग्राहक सेवाको दक्षता र प्रतिक्रिया समय सुधार गर्न एआई-सञ्चालित च्याटबोटहरू प्रयोग गरिरहेका छन्। हाल यो प्रविधिले ग्राहक सेवा क्षेत्रमा विकासको सुरुवात गरेको छ।

यी संस्थाहरूको सूची पूर्ण होइन र समयसँगै थप संस्थाहरूले यो प्रविधिको प्रयोग गर्न थाल्ने सम्भावना छ।"
MIS001,विश्वका अन्य सबै राष्ट्रिय झण्डाहरूको तुलनामा नेपालको राष्ट्रिय झण्डाको आकारमा के अनौठोपन छ?,यो विश्वको एकमात्र गैर-चतुर्भुज (गैर-आयताकार) राष्ट्रिय झण्डा हो,"नेपालको राष्ट्रिय झण्डा संसारमा केही फरक छ। यसको आकारमा केही अनौठोपन छ जुन अन्य झण्डाहरूमा पाइदैन। यहाँ यसको केही विशेषताहरू छन्:

*   **आयताकार नभै rectangular:** नेपालको झण्डा आयताकार छैन, बरु यसले rectangle (आयताकार) को आकार बनाउँछ। यसको मतलब झण्डाको 'x' आकारको रेखा हुन्छ।
*   **दुईपटक फहराइने:** नेपालको झण्डालाई दुईपटक फहराइन्छ। पहिलो पारेर त्यसपछि दोस्रो पारेर फहराइन्छ। यसले झण्डालाई अझै उच्च बनाउँछ।
*   **आकारको अनुपात:** नेपालको झण्डाको अनुपात 2:3 हो, जुन धेरै झण्डाहरूमा पाइदैन। यसको मतलब झण्डाको अक्सले (width) दुई भाग र उचले (height) तीन भाग हुन्छ।

यसले गर्दा नेपालको झण्डा संसारमा यसको विशिष्टताको लागि परिचित छ।"
MIS002,नेपालको राष्ट्रिय चरा के हो?,डाँफे,नेपालको राष्ट्रिय चरा साइते हो। साइतेलाई नेपालको शुभचिन्तक पनि मानिन्छ।
MIS015,राष्ट्रिय गानको शीर्षकमा 'सयौं थुँगा' भन्ने सन्दर्भबाट झल्किने कुन विषयवस्तुले नेपालको सांस्कृतिक बनावटको प्रतिनिधित्व गर्दछ?,जातीय तथा सांस्कृतिक विविधता र एकता,"राष्ट्रिय गानको शीर्षकमा 'सयौं थुँगा' भन्ने सन्दर्भबाट झल्किने विषयवस्तुले नेपालको सांस्कृतिक बनावटको प्रतिनिधित्व गर्दछ, त्यो हो **'बहुभाषिकता'** र **'बहुजातीयता'**।

यहाँ यसको अर्थको व्याख्या छ:

*   **बहुभाषिकता:** 'सयौं थुँगा' अर्थात् सयौं भाषाएँ। नेपालमा विभिन्न जात, थर र संस्कृतिबीच सहअस्तित्व रहेको छ। यसमा सयौं भाषाएँ र बोलीहरू समावेश हुन्छन्। यो विविधता नेपालको सांस्कृतिक बनावटको प्रमुख विशेषता हो।

*   **बहुजातीयता:** नेपालमा विभिन्न जातहरू छन्, र प्रत्येक जातको आफ्नै संस्कृति, भाषा, र परम्पराहरू छन्। 'सयौं थुँगा'ले यो बहुजातीयतालाई पनि प्रतिबिम्बित गर्दछ।

'सयौं थुँगा'ले नेपालको जटिल र विविध सांस्कृतिक परिवेशलाई सङ्केत गर्दछ, जहाँ विभिन्न भाषा र जातहरू एकआपुकै सहअस्तित्वमा छन्। यसले नेपालको सांस्कृतिक विविधतालाई अझै पनि बलियो बनाउँछ।

"
MIS016,नेपालमा सरकारी तथा कानुनी प्रयोजनका लागि प्रयोग गरिने आधिकारिक पात्रो प्रणाली के हो?,विक्रम सम्वत्,"नेपालमा सरकारी तथा कानुनी प्रयोजनका लागि प्रयोग गरिने आधिकारिक पात्रो प्रणाली **लेखा प्रणाली (Accounting System)** हो। यस प्रणालीले सरकारी संस्थाका वित्तीय कारोबार, हिसाबदारी, र हिसाबहरू व्यवस्थित बनाउँछ। 

यो प्रणालीमा केही मुख्य तत्वहरू समावेश छन्:

*   **लेखा कोड (Chart of Accounts):** यसले सबै लेनदेनहरूलाई वर्गीकृत गर्नको लागि एक मानक प्रणाली प्रदान गर्दछ।
*   **लेखाको हिसाबदारी (Accounting Cycle):** यसमा हिसाबदारी गरियोर, हिसाबहरू दर्ता गरियोर, र हिसाबको रिपोर्ट तयार गरियोरका चरणहरू समावेश हुन्छन्।
*   **वित्तीय नियन्त्रण (Financial Controls):** यसले अनियमितता र त्रुटिहरू कम गर्नको लागि नियम र प्रक्रियाहरूको सेट प्रदान गर्दछ।
*   **लेखा रिपोर्टहरू (Financial Reports):** यसले सरकारले आफ्नो वित्तीय अवस्था र प्रदर्शनबारे जानकारी दिन्छ।

नेपाल सरकारले वित्तीय प्रशासनको लागि केपीओ (कोभनेन्ट पोर्टल) प्रणालीको पनि प्रयोग गर्दछ, जसले वित्तीय कारोबारको व्यवस्थापन गर्दछ।

यी केही अतिरिक्त जानकारीहरू पनि उल्लेख गर्न चाहन्छु:

*   नेपालको लेखा प्रणालीले अन्तर्राष्ट्रिय वित्तीय रिपोर्टिङ मापदण्ड (IFRS) को साथै नेपाल सरकारको आवश्यकता अनुसार बनाइएको हुन्छ।
*   सरकारी संस्थामा वित्तीय जिम्मेवारी तय गर्नका लागि 'वित्तीय प्रशासन ऐन' र 'वित्तीय नियमावली' जस्ता कानुनहरू छन्।

यदि तपाईंलाई यस विषयमा थप जानकारी वा कुराहरू थाहा छ भने, कृपया सोधेर थाहा पाउनुस।"
MIS017,नेपाली नयाँ वर्ष सामान्यतया ग्रेगोरियन पात्रोको कुन महिनामा पर्दछ?,मध्य अप्रिल,"नेपाली नयाँ वर्ष (न्यू वर्ष ११ पुस) सामान्यतया ग्रेगोरियन पात्रोको **दसैँ महिना**मा पर्दछ। खासमा, यो पुस महिनाको ११ तारबाट सुरु हुन्छ। यो लगभग नोभेम्बरको मध्यबाटदेखिDecम्बरको शुरुसम्म हुने गर्दछ।
"
MIS018,नेपालको मानक समय क्षेत्र UTC भन्दा कति फरक हुन्छ?,यूटीसी+५:४५,"नेपालको मानक समय क्षेत्र UTC (Coordinated Universal Time) भन्दा पाँच घण्टा अगाडि हुन्छ। यसको मतलब नेपालको समय UTC बाट UTC+5:45 हुन्छ। 

यसैले गर्दा, जब युरोप र उत्तर अमेरिकामा दिउँदो छ, त नेपालमा राত্রী हुन्छ।"
MIS019,नेपालको समय क्षेत्र फरक अधिकांश देशहरूको तुलनामा किन असामान्य छ?,यसले मानक घण्टा-आधारित फरकको सट्टा ४५ मिनेटको फरक प्रयोग गर्दछ,"नेपालको समय क्षेत्र अधिकांश देशहरू भन्दा फरक हुनुका कारण मुख्य कारण भनेको नेपालको भूगोल हो। नेपाल दक्षिण-पूर्वी एसियामा रहेकाले यसको अक्षांश (latitude) अन्य देशहरू भन्दा फरक छ।

यहाँ मुख्य कारणहरू छन्:

*   **अक्षांश:** नेपालको अक्षांश १९.५° देखि ३२.५° सम्म छ। यो अक्षांशले नेपाललाई विभिन्न समय क्षेत्रमा राख्छ। यस्तो छ भने, नेपालको उत्तर भाग (कञ्चनपुर र दाerahमढी) UTC+5+6 मा छ भने दक्षिण भाग (लुम्बिनी र धनकुहुर) UTC+5+7 मा छ।

*   **ग्रीनविच समय (GMT):** अधिकांश देशहरू UTC (Coordinated Universal Time) वा GMT (Greenwich Mean Time) मा समय मापन गर्छन्। तर, नेपालले आफ्नो भौगोलिक स्थितिअनुरुप समय क्षेत्र निर्धारण गरेको छ।

*   **अन्तर्राष्ट्रिय मानक:** अधिकांश देशहरूले अण्डरलाइन समय (Standard Time) मा समय मापन गर्छन्, जुन UTC बाट गणना गरिन्छ। यद्यपि, नेपालले आफ्नो आवश्यकता अनुसार समय क्षेत्र तोकिसकेको छ।

नेपालको समय क्षेत्रको यो विशेषताले देशमा दोहरी समय क्षेत्रको अनुभव हुन आउँछ, विशेष गरीत्यस्तै समय क्षेत्र परिवर्तन हुने समयमा।"
MIS025,नेपालले आफ्नो नयाँ वर्षको बिदा आधिकारिक रूपमा कुन पात्रो प्रणाली अनुसार मनाउँछ?,विक्रम सम्वत् पात्रो,"नेपालले आफ्नो नयाँ वर्षको बिदा आधिकारिक रूपमा नेपाली पात्रो प्रणाली अनुसार मनाउँछ। यो बिदा माघ १९ गते परेको छ। यस पात्रो प्रणाली हिन्दू र बौद्ध समुदायसँग जोडिएको छ।
"
MIS026,अन्य दक्षिण एसियाली राष्ट्रहरूसँगै नेपालले नियमित रूपमा भाग लिने अन्तर्राष्ट्रिय बहु-खेल आयोजना कुन हो?,दक्षिण एसियाली खेलकुद (साग),"नेपालले नियमित रूपमा अन्य दक्षिण एसियाली राष्ट्रहरूसँगै दक्षिण एसियाई खेलकुद प्रतियोगिता (South Asian Games) मा भाग लिन्छ। यद्यपि, यस प्रतियोगितामा भारतले पनि सहभागिता जनाउँछ।
"
MIS027,नेपालले पहिलोपटक ओलम्पिक खेलकुदमा कुन सालमा सहभागिता जनाएको थियो?,सन् १९६४ (टोकियो),नेपालले पहिलोपटक १९८४ को सोचि ओलम्पिक खेलकुदमा सहभागिता जनाएको थियो। यो नेपालको ओलम्पिक खेलमा पहिलो पटकको सहभागिता थियो।
MIS028,नेपाली ओलम्पिक खेलाडीहरूले ऐतिहासिक रूपमा कुन व्यक्तिगत/मुक्केबाजी-प्रकारको खेल श्रेणीमा बढी सहभागिता जनाएका छन्?,तेक्वान्दो र बक्सिङ (व्यक्तिगत मुक्केबाजी खेलहरू मध्ये),"नेपाली ओलम्पिक खेलाडीहरूले ऐतिहासिक रूपमा मुष्टिकबाजीमा सर्वाधिक सहभागिता जनाएका छन्। यसमा केही तथ्याङ्कहरू छन्:

*   **मुष्टिकबाजी:** नेपाली मुष्टिकबाजा खेलाडीहरूले ओलम्पिकमा सबैभन्दा धेरै सहभागिता जनाएका छन्। प्रकाश थापाले १९८४, १९८८ र १९९२ को तीन ओलिम्पिकमा प्रतिस्पर्धा गरे। त्यसक्रममा उनी नेपाली पहिलो खेलाडी भएका थिए। हालसम्म, प्रकाश थापालाई मात्र ९ पटक ओलम्पिकमा सहभागिता जनाउने खेलाडीका रूपमा गिनिज बुक अफ रेकर्ड्समा समावेश भएका छन्।

*   **ल्याक्रोस:** ल्याक्रोसमा पनि नेपाली खेलाडीहरूको सहभागिता रहँदो छ।

*   **अन्य खेलहरू:** नेपालीसँगै पुरुष तथा महिला ताई कुस्ती, पौडering, कराते, र handball पनि लामो समयदेखिको सहभागिता जनाउँदै आएका छन्।

यी खेलहरूमा नेपाली खेलाडीहरूले आफ्नो देशको पहिचान बनाउनुका साथै अन्तर्राष्ट्रिय फोरममा प्रतिनिधित्व गरिरहेका छन्।"
MIS033,नेपालमा क्रिकेटको नियमन गर्ने निकाय कुन हो?,क्रिकेट संघ नेपाल (क्यान),"नेपालमा क्रिकेटको नियमन गर्ने मुख्य निकाय नेपाल क्रिकेट सञ्चालक समिति (Nepal Cricket Board) हो। यसलाई संचालक समिति (NCB) पनि भन्ने गरिन्छ। यो समिति नेपालमा क्रिकेटको विकास, नियमन र व्यवस्थापनको जि responsable छ।
"
MIS034,नेपालको राष्ट्रिय फुटबल टोली कुन महाद्वीपीय फुटबल महासंघ अन्तर्गत आयोजित प्रतियोगितामा प्रतिस्पर्धा गर्दछ?,एसियाली फुटबल महासंघ (एएफसी),नेपालको राष्ट्रिय फुटबल टोली एसियाली फुटबल महासंघ (AFC) अन्तर्गत प्रतिस्पर्धा गर्दछ। AFC ले आयोजना गर्ने प्रतियोगितामा नेपालले सहभागिता जनाउँछ।
MIS035,काठमाडौंमा अवस्थित नेपालको सबैभन्दा ठूलो बहुउद्देश्यीय खेलकुद रंगशालाको नाम के हो?,दशरथ रंगशाला,काठमाडौंमा अवस्थित नेपालको सबैभन्दा ठूलो बहुउद्देश्यीय खेलकुद रंगशालाको नाम 'स्वर्णभूमि' हो। यो रंगशालालाई 'नेपालको आँगन' पनि भनिन्छ।
MIS036,नेपालमा हाल कति युनेस्को विश्व सम्पदा स्थलहरू छन्?,चार,"नेपालमा हालसम्म कुल ११ वटा युनेस्को विश्व सम्पदा स्थलहरू छन्। ती स्थलहरू यस प्रकार छन्:

१. **पाटन क्षेत्र** (Kathmandu Valley) - जहाँ सातौँ शताब्दीको थापाकोट, पशुपतिनाथ मन्दिर, स्वयंभू मन्दिर, सूर्य temple बागमती र बौद्ध मन्दिरहरू समावेश छन्।
२. **ललितपुरको पुरानो शहर** (Ancient Town of Kathmandu)
३. **चितवनको चितापुर क्षेत्र** (Chitwan Chitahpur)
४. **माछापुच्छ्रेको अन्नपूर्ण राजमार्ग** (Annapurna Conservation Area)
५. **लुपागुर्द तथा मुस्तांग क्षेत्र** (Langtang National Park)
६. **बाराही क्षेत्र** (Baraah)
७. **मेघदिक् अन्सुरेवरा मन्दिर** (Meghdigha Stupa)
८. **पोखरा तथा पाँचौद क्षेत्र** (Poon Hill)
९. **नेवारी क्षेत्र** (Newari Cultural Tradition)
१०. **तराई क्षेत्र** (Terai Area)
११. **देवघर तथा काठमाडौं क्षेत्र** (Devagarh and Kathmandu Valley)

यी स्थलहरू नेपालको सांस्कृतिक, धार्मिक र प्राकृतिक विविधतालाई प्रतिबिम्बित गर्छन्।"
MIS037,नेपालको कुन युनेस्को विश्व सम्पदा स्थललाई गौतम बुद्धको जन्मस्थलको रूपमा मान्यता दिइएको छ?,लुम्बिनी,"नेपालको लुम्बिनीलाई गौतम बुद्धको जन्मस्थलको रूपमा युनेस्को विश्व सम्पदा स्थलको रूपमा मान्यता दिइएको छ। यो स्थललाई बुद्धत्व प्राप्तिको पवित्रस्थल मानिन्छ।
"
MIS046,सगरमाथा आरोहण गर्ने पहिलो दुई आरोहीहरू को थिए?,एडमन्ड हिलारी र तेन्जिङ नोर्गे,"सगरमाथा (Mount Everest) आरोहण गर्ने पहिलो दुई आरोहीहरू हुन्:

*   **टेन्জিং नोर्गे** (Tenzing Norgay) - भुटानी पर्वतारोही
*   **एडविन हिक्की** (Edmund Hillary) - क्यानेडियन पर्वतारोही

यी दुईजनाले १९५३ मा मे २९ को मितिमा सगरमाथाको शिखरमा पुगेका थिए।"
MIS047,हिलारी र तेन्जिङ नोर्गेले कुन सालमा पहिलोपटक सगरमाथा आरोहण गरेका थिए?,सन् १९५३,हिलारी र तेन्जिङ नोर्गेले १९५३ सालको मे १८ तारखेमा पहिलोपटक सगरमाथा आरोहण गरेका थिए। यो इतिहासमैकै महत्त्वपूर्ण घटना हो।
MIS048,नेपाल राजतन्त्रबाट संघीय लोकतान्त्रिक गणतन्त्रमा कुन सालमा रूपान्तरण भयो?,सन् २००८,नेपाल राजतन्त्रबाट संघीय लोकतान्त्रिक गणतन्त्रमा 2008 सालको संविधान बनाउन सफल भएपछि रूपान्तरण भयो। 2008 सालको यही संविधानले नेपाललाई गणतन्त्र घोषणा गरेको थियो। यसअघि नेपालमा राजतन्त्र थियो।
MIS049,नेपालको हालको संविधान कुन सालमा जारी गरिएको थियो?,सन् २०१५,नेपालको हालको संविधान २०७५ सालको २०७७ मंसिर २0 को मितिले जारी गरिएको थियो। यसको भर्खरको संशोधन २०७९ सालको माघ १५ को मितिले भएसरहमी।
MIS055,सन् २००६ मा अन्त्य भएको लगभग एक दशकसम्म चलेको कुन सशस्त्र द्वन्द्वले नेपालको राजनीतिक परिदृश्यलाई उल्लेख्य रूपमा प्रभावित पार्‍यो?,नेपाली गृहयुद्ध (माओवादी सशस्त्र द्वन्द्व),"सन् २००६ मा अन्त्य भएको लगभग एक दशकसम्म चलेको सशस्त्र द्वन्द्वले नेपालको राजनीतिक परिदृश्यलाई पूर्ण रूपमा उल्लेख्य रूपमा प्रभावित पार्‍यो। यस द्वन्द्वले देशमा निम्त्याएका केही मुख्य प्रभावहरू यस प्रकार छन्:

*   **संवैधानिक संरचनाको परिवर्तन:** द्वन्द्वपछि नयाँ संविधानको बनावटको कार्य प्रारम्भ भयो। यसले देशमा लोकतन्त्रको स्थापना गर्ने मार्ग प्रशस्त गर्‍यो।
*   **सशस्त्र समूहहरूको राजनीतिक प्रतिनिधित्व:** द्वन्द्वमा संलग्न विभिन्न सशस्त्र समूहहरूले राजनीतिक प्रक्रियामा प्रवेश गर्न थाले। केही समूहहरूले संविधान सभामा प्रतिनिधित्व पनि गरे।
*   **राजनीतिक दलहरूको उदय:** द्वन्द्वपछि नयाँ राजनीतिक दलहरूको उदय भयो, जसले देशको राजनीतिक परिदृश्यलाई नयाँ दिशा दिए।
*   **भ्रष्टाचारको वृद्धि:** द्वन्द्वका कारण भ्रष्टाचारमा वृद्धि भएको थियो, जसले राजनीतिक प्रकृतिको विश्वासघात गर्‍यो।
*   **सामाजिक प्रभाव:** द्वन्द्वले नेपाली समाजमा केही नकारात्मक प्रभावहरू पनि ल्यायो, जस्तै:
    *   प्रभावित क्षेत्रमा मानसिक स्वास्थ्य समस्याहरूले वृद्धि भयो।
    *   विस्थापित समुदायहरूलाई पुनःस्थापना गर्न चुनौती देखिए।
    *   जेलमा रहेका राजनीतिक कैदीहरूको मुद्दा अन्त्य गर्नुपरेको छ।

यस द्वन्द्वले नेपालको राजनीतिक प्रणाली, सामाजिक संरचना र आर्थिक विकासमा गहिरो प्रभाव पार्यो।"
MIS056,राष्ट्रिय जनगणना तथ्याङ्क अनुसार नेपालभर लगभग कति भाषाहरू बोलिन्छन्?,१२० भन्दा बढी भाषाहरू,"राष्ट्रिय जनगणना २०७८ अनुसार नेपालमा ७२ भाषाहरू बोलिनुहुन्छ। यो तथ्याङ्कले विभिन्न भाषाहरूको संख्याको अनुमान दिन्छ, तर यो तथ्याङ्कले सबै भाषाहरूको सही संख्यामा जानकारी दिँदैन किनकी केही भाषाहरूले आफ्नो संख्या गोप्य राखिएको छ।

यसमध्ये मुख्य भाषाहरूमध्ये केही यस छन्:

*   नेपाली
*    magar
*   थारु
*   दाहाल
*   माया
*   गुरुङ
*   तामाङ
*   लिम्बू
*   वाईवा
*   जैन

त्यसैले, राष्ट्रिय जनगणना अनुसार नेपालमा लगभग ७२ भाषाहरू बोलिन्छन्।"
MIS057,नेपालको सरकारी प्रशासनमा प्रयोग हुने आधिकारिक भाषा के हो?,नेपाली,"नेपालको सरकारी प्रशासनमा प्रयोग हुने आधिकारिक भाषा नेपाली हो। नेपालीले नै लिखित, मौखिक र प्रशासनिक भाषाको रूपमा प्रयोग गरिन्छ। संविधानले नेपालीलाई राष्ट्रभाषा तोक्तासहित अन्य आधिकारिक भाषाको रूपमा पनि मान्यता दिएको छ।
"
MIS058,"नेपाललाई प्रायः बहु-जातीय, बहु-भाषिक, र यसका विभिन्न धार्मिक परम्पराहरूलाई झल्काउने अर्को कस्तो समाजको रूपमा वर्णन गरिन्छ?",बहु-धार्मिक,"नेपाललाई प्रायः बहु-जातीय, बहु-भाषिक, र यसका विभिन्न धार्मिक परम्पराहरूलाई झल्काउने अर्को समाजको रूपमा 'विविधताको मेरुदণ্ড' (पिलर अफ डायवर्सिटी) वा 'बहुसांस्कृतिक संगमस्थल' (कल्चरल हाइब्रिड) जस्ता रूपमा वर्णन गरिन्छ। यसको कारणहरू तल जस्तै छन्:

*   **जातीय विविधता:** नेपालमा ८१ जना जातीय समूहहरू छन्। प्रत्येक समुदायसँग आफ्नै छुट्टै संस्कृति, भाषा, र परम्पराहरू छन्।
*   **भाषिक विविधता:** यहाँ ८८ वटा भाषा र बोलचालको प्रयोग हुन्छ। नेपाली भाषा बाहेक, थरीकृत, मगर, राई, लिम्बू, गुरुङ, तामाङ, मगर, जैसी आदि भाषाभाषाहरू छन्।
*   **धार्मिक विविधता:** नेपालमा हिन्दु धर्म र बौद्ध धर्म दुवैको साथसाथै उपासना गरिन्छ। यसका साथै विभिन्न साविक धर्म र आस्था-प्रायश्रमिक धर्महरूको पनि प्रभाव छ।
*   **भू-राशिय विविधता:** नेपाल चारैतिर अग्ल चोटीहरूले घिरेको छ। यसले गर्दा यहाँ विभिन्न जलवायु र वातावरणको अनुभव पाइन्छ।
*   **सांस्कृतिक मिश्रण:** क्रिस्ता धर्म र इस्लाम धर्मको पनि प्रभाव छ। विभिन्न संस्कृति र धर्महरूको मिश्रणले नेपाललाई एक अद्वितीय सामाजिक परिवेश बनाएको छ।

यस्तो विविधताले नेपाललाई संसारमै सबैभन्दा विविध र जटिल समाज बनाउनुका साथै यसलाई सांस्कृतिक र धार्मिक सहिष्णुताको नमुना बनाउन मद्दत गर्छ।"
MIS059,नेपालको जनसंख्याको सबैभन्दा ठूलो हिस्साले कुन दुई धर्म अभ्यास गर्दछ?,हिन्दू धर्म र बौद्ध धर्म,"नेपालको जनसंख्याको सबैभन्दा ठूलो हिस्सा हिन्दु धर्म र बौद्ध धर्मको अभ्यास गर्दछ। 

*   **हिन्दु धर्म:** लगभग 81.3% जनसंख्या हिन्दु धर्ममा विश्वास गर्छ। यसमध्ये पनि, विभिन्न प्रकारका हिन्दु धर्मको अभ्यास गरिन्छ जस्तै: निम्सु, तामाकोत, वाक्, र अन्य।
*   **बौद्ध धर्म:** लगभग 17.7% जनसंख्या बौद्ध धर्ममा विश्वास गर्छ। नेपाल बौद्ध धर्मको पवित्र स्थल हो र यहाँ बुद्ध र अन्य बौद्ध भिक्षुहरूको जन्म भएको छ।

अन्य अल्पसंख्यक समूहहरूमा मुस्लिम, क्षेत्रिय वांशिक धर्म र ईसाई धर्मको पनि समावेश छ।"
MIS060,नेपाली भाषा परम्परागत रूपमा कुन लिपिमा लेखिन्छ?,देवनागरी लिपि,"नेपाली भाषा मुख्यतया दोस्रै छोटो अक्षरको लिपि प्रयोग गर्दछ, जसलाई **नेपाली लिपी** भनिन्छ। यसलाई **क्रिस्टल लिपी** पनि भन्थ्यो। यो लिपि नेपाली भाषालाई लेख्नका लागि विशेष गरी बनाइएको हो।

यसअघि, नेपाली भाषा लेख्न देवनागरी लिपि पनि प्रयोग गरिन्थ्यो, तर यसको अक्षरोंको आकार नेपाली भाषाका उच्चारणसँग मेल खाँदैनथ्यो। त्यसकारण, नेपाली लिपी बनाइएको थियो, जो नेपाली भाषाको उच्चारणलाई सही तरिकाले दर्शाउँछ।

नेपाली लिपीको प्रयोग अहिले पनि भइरहेको छ, तर नेपाली सरकारले आधिकारिक रूपमा देवनागरी लिपिलाई मान्यता दिएको छ।"
