Question ID,Domain,Subdomain,English Question,Nepali Question,Gold Answer (English),Gold Answer (Nepali),Explanation,Source,Source ID,Source Title,Source URL,Source Type,Difficulty,Answer Type
ECO001,Economy,Currency & Banking,What is the official currency of Nepal?,नेपालको आधिकारिक मुद्रा के हो?,Nepalese Rupee,नेपाली रुपैयाँ,"Nepal's legal tender is the Nepalese Rupee, issued by Nepal Rastra Bank.",Nepal Rastra Bank,SRC001,Nepal Rastra Bank - Official Website,https://www.nrb.org.np,Government,Easy,Other
ECO002,Economy,Currency & Banking,What is the ISO 4217 currency code for the Nepalese Rupee?,नेपाली रुपैयाँको ISO 4217 मुद्रा कोड के हो?,NPR,NPR,NPR is the internationally recognized three-letter currency code for Nepal.,ISO 4217 Standard,SRC002,ISO 4217 Currency Codes - International Organization for Standardization,https://www.iso.org/iso-4217-currency-codes.html,International Organization,Medium,Other
ECO007,Economy,Currency & Banking,In which year was Nepal Bank Limited established?,नेपाल बैंक लिमिटेड कुन सालमा स्थापना भएको थियो?,1937 (1994 BS),सन् १९३७ (वि.सं. १९९४),"Nepal Bank Limited was established in 1937, marking the start of modern banking in Nepal.",Nepal Bank Limited,SRC003,Nepal Bank Limited,https://www.nepalbank.com.np,Government,Hard,Date/Year
ECO008,Economy,Currency & Banking,Which act currently governs the establishment and functions of Nepal Rastra Bank?,हाल नेपाल राष्ट्र बैंकको स्थापना र कार्यलाई कुन ऐनले नियमन गर्दछ?,"Nepal Rastra Bank Act, 2002","नेपाल राष्ट्र बैंक ऐन, २०५८",This act (2058 BS) replaced earlier legislation governing the central bank.,Nepal Law Commission,SRC004,Nepal Law Commission,https://www.lawcommission.gov.np,Government,Hard,Law/Article
ECO009,Economy,Currency & Banking,Which was the first fully state-owned commercial bank established after Nepal Bank Limited?,नेपाल बैंक लिमिटेड पछि स्थापना भएको पहिलो पूर्ण सरकारी स्वामित्वको व्यावसायिक बैंक कुन हो?,Rastriya Banijya Bank,राष्ट्रिय बाणिज्य बैंक,Rastriya Banijya Bank was established as a fully government-owned commercial bank.,Nepal Rastra Bank,SRC001,Nepal Rastra Bank - Official Website,https://www.nrb.org.np,Government,Medium,Organization
ECO010,Economy,Currency & Banking,In which year was Rastriya Banijya Bank established?,राष्ट्रिय बाणिज्य बैंक कुन सालमा स्थापना भएको थियो?,1966 (2022 BS),सन् १९६६ (वि.सं. २०२२),Rastriya Banijya Bank was established in 1966.,Rastriya Banijya Bank,SRC005,Rastriya Banijya Bank Ltd.,https://www.rbb.com.np,Government,Hard,Date/Year
ECO011,Economy,Currency & Banking,"What is the smallest traditional monetary subunit of the Nepalese Rupee, equal to one-hundredth of a rupee?","नेपाली रुपैयाँको सबैभन्दा सानो परम्परागत उपएकाइ, जुन रुपैयाँको एक-सयौं भाग हो, के हो?",Paisa,पैसा,One rupee is traditionally divided into 100 paisa.,Nepal Rastra Bank,SRC001,Nepal Rastra Bank - Official Website,https://www.nrb.org.np,Government,Easy,Other
ECO012,Economy,Currency & Banking,Which government body regulates commercial banks and financial institutions in Nepal?,नेपालमा व्यावसायिक बैंक तथा वित्तीय संस्थाहरूको नियमन कुन सरकारी निकायले गर्दछ?,Nepal Rastra Bank,नेपाल राष्ट्र बैंक,Nepal Rastra Bank supervises and regulates all licensed banks and financial institutions.,Nepal Rastra Bank,SRC001,Nepal Rastra Bank - Official Website,https://www.nrb.org.np,Government,Easy,Organization
ECO013,Economy,Currency & Banking,What Nepali symbol is commonly used to denote the Nepalese Rupee?,नेपाली रुपैयाँ जनाउन सामान्यतया कुन नेपाली चिन्ह प्रयोग गरिन्छ?,रू,रू,This symbol is commonly used before amounts written in Nepali.,Nepal Rastra Bank,SRC001,Nepal Rastra Bank - Official Website,https://www.nrb.org.np,Government,Medium,Other
ECO014,Economy,Currency & Banking,What is the lowest-denomination banknote currently issued by Nepal Rastra Bank?,हाल नेपाल राष्ट्र बैंकले जारी गर्ने सबैभन्दा सानो अंकको नोट कुन हो?,Five-rupee note (NPR 5),पाँच रुपैयाँको नोट,Nepal Rastra Bank issues banknotes starting from the five-rupee denomination.,Nepal Rastra Bank,SRC001,Nepal Rastra Bank - Official Website,https://www.nrb.org.np,Government,Medium,Number
ECO015,Economy,Currency & Banking,"Nepal's currency system is decimal, with how many paisa equal to one rupee?","नेपालको मुद्रा प्रणाली दशमलव प्रणालीमा आधारित छ, एक रुपैयाँ बराबर कति पैसा हुन्छ?",100,१००,"Like most decimal currency systems, one rupee equals 100 paisa.",Nepal Rastra Bank,SRC001,Nepal Rastra Bank - Official Website,https://www.nrb.org.np,Government,Easy,Number
ECO016,Economy,Stock Market & Finance,What is the name of Nepal's only stock exchange?,नेपालको एकमात्र धितोपत्र बजारको नाम के हो?,Nepal Stock Exchange (NEPSE),नेपाल स्टक एक्सचेन्ज (नेप्से),NEPSE is the sole operational stock exchange in Nepal.,Nepal Stock Exchange,SRC006,Nepal Stock Exchange (NEPSE) - Official Website,https://www.nepalstock.com,Government,Easy,Organization
ECO017,Economy,Stock Market & Finance,In which year was NEPSE established in its current form?,नेप्से हालको स्वरूपमा कुन सालमा स्थापना भएको थियो?,1993,सन् १९९३,"NEPSE was established in 1993, converting from the earlier Securities Exchange Center.",Nepal Stock Exchange,SRC006,Nepal Stock Exchange (NEPSE) - Official Website,https://www.nepalstock.com,Government,Medium,Date/Year
ECO018,Economy,Stock Market & Finance,"What was the predecessor organization to NEPSE, established in 1976?",सन् १९७६ मा स्थापना भएको नेप्सेको पूर्ववर्ती संस्था कुन थियो?,Securities Exchange Center,धितोपत्र विनिमय केन्द्र,The Securities Exchange Center operated before being converted into NEPSE in 1993.,Nepal Stock Exchange,SRC006,Nepal Stock Exchange (NEPSE) - Official Website,https://www.nepalstock.com,Government,Hard,Organization
ECO019,Economy,Stock Market & Finance,Which government body regulates the securities market in Nepal?,नेपालमा धितोपत्र बजारको नियमन कुन सरकारी निकायले गर्दछ?,Securities Board of Nepal (SEBON),धितोपत्र बोर्ड नेपाल (सेबोन),SEBON is the apex regulator of Nepal's capital market.,Securities Board of Nepal,SRC007,Securities Board of Nepal (SEBON) - Official Website,https://www.sebon.gov.np,Government,Easy,Organization
ECO020,Economy,Stock Market & Finance,In which year was the Securities Board of Nepal (SEBON) established?,धितोपत्र बोर्ड नेपाल (सेबोन) कुन सालमा स्थापना भएको थियो?,1993,सन् १९९३,SEBON was established the same year NEPSE was formed.,Securities Board of Nepal,SRC007,Securities Board of Nepal (SEBON) - Official Website,https://www.sebon.gov.np,Government,Medium,Date/Year
ECO021,Economy,Stock Market & Finance,What is the benchmark index of the Nepal Stock Exchange called?,नेपाल स्टक एक्सचेन्जको मानक सूचकांकलाई के भनिन्छ?,NEPSE Index,नेप्से परिसूचक,The NEPSE Index tracks the overall performance of listed shares.,Nepal Stock Exchange,SRC006,Nepal Stock Exchange (NEPSE) - Official Website,https://www.nepalstock.com,Government,Easy,Other
ECO022,Economy,Stock Market & Finance,In which city is the Nepal Stock Exchange physically located?,नेपाल स्टक एक्सचेन्ज भौतिक रूपमा कुन शहरमा अवस्थित छ?,Kathmandu (Singha Durbar Plaza),काठमाडौं (सिंहदरबार प्लाजा),NEPSE's trading floor and offices are located in Kathmandu.,Nepal Stock Exchange,SRC006,Nepal Stock Exchange (NEPSE) - Official Website,https://www.nepalstock.com,Government,Medium,Place
ECO023,Economy,Stock Market & Finance,What type of trading system does NEPSE currently use for buying and selling shares?,नेप्सेले हाल शेयर किनबेच गर्न कस्तो प्रकारको ट्रेडिङ प्रणाली प्रयोग गर्छ?,Fully automated online trading system,पूर्ण स्वचालित अनलाइन कारोबार प्रणाली,NEPSE moved from an open-outcry floor system to a fully automated electronic trading system.,Nepal Stock Exchange,SRC006,Nepal Stock Exchange (NEPSE) - Official Website,https://www.nepalstock.com,Government,Medium,Other
ECO024,Economy,Stock Market & Finance,Which sector traditionally dominates the number of listed companies on NEPSE?,नेप्सेमा सूचीकृत कम्पनीहरूको संख्यामा परम्परागत रूपमा कुन क्षेत्रको बाहुल्य छ?,Banking and financial sector,बैंक तथा वित्तीय क्षेत्र,"Banks, development banks, and finance companies make up a large share of NEPSE-listed firms.",Nepal Stock Exchange,SRC006,Nepal Stock Exchange (NEPSE) - Official Website, ,Government,Medium,Organization
ECO025,Economy,Stock Market & Finance,What is the informal Nepali term for a single share unit used in NEPSE trading?,नेप्से कारोबारमा प्रयोग हुने एक शेयर एकाइको अनौपचारिक नेपाली शब्द के हो?,Kitta,कित्ता,Kitta' is the commonly used colloquial term for a single unit of share.,Nepal Stock Exchange,SRC006,Nepal Stock Exchange (NEPSE) - Official Website,https://www.nepalstock.com,Government,Hard,Other
ECO026,Economy,Macroeconomy & Fiscal,What are the three broad sectors Nepal's GDP is typically divided into?,नेपालको जीडीपीलाई सामान्यतया कुन तीन फराकिला क्षेत्रमा विभाजन गरिन्छ?,"Agriculture, Industry, and Services","कृषि, उद्योग, र सेवा",National accounts typically classify economic output into these three broad sectors.,National Statistics Office,SRC008,"National Statistics Office, Government of Nepal",https://nsonepal.gov.np,Government,Easy,Other
ECO027,Economy,Macroeconomy & Fiscal,Which sector employs the largest share of Nepal's workforce?,नेपालको श्रमशक्तिको सबैभन्दा ठूलो हिस्सा कुन क्षेत्रमा कार्यरत छ?,Agriculture,कृषि,"Despite a declining GDP share, agriculture still employs the largest workforce share.",National Statistics Office,SRC008,"National Statistics Office, Government of Nepal",https://nsonepal.gov.np,Government,Easy,Other
ECO028,Economy,Macroeconomy & Fiscal,What classification has the United Nations historically used for Nepal's economic development status?,संयुक्त राष्ट्रसंघले नेपालको आर्थिक विकास स्थितिका लागि परम्परागत रूपमा कुन वर्गीकरण प्रयोग गर्दै आएको छ?,Least Developed Country (LDC),अति कम विकसित मुलुक (एलडीसी),"Nepal has been classified among the UN's Least Developed Countries, with graduation plans discussed in recent years.",United Nations,SRC009,United Nations,,International Organization,Medium,Other
ECO029,Economy,Macroeconomy & Fiscal,When does Nepal's fiscal year begin according to the Bikram Sambat calendar?,नेपालको आर्थिक वर्ष विक्रम सम्वत् पात्रो अनुसार कहिले सुरु हुन्छ?,Shrawan 1 (mid-July),श्रावण १ (मध्य जुलाई),Nepal's fiscal year runs from Shrawan 1 to the end of Ashad.,Ministry of Finance,SRC010,"Ministry of Finance, Government of Nepal",https://www.mof.gov.np,Government,Medium,Date/Year
ECO030,Economy,Macroeconomy & Fiscal,When does Nepal's fiscal year end?,नेपालको आर्थिक वर्ष कहिले समाप्त हुन्छ?,"End of Ashad (mid-July, following year)",आषाढ मसान्त (अर्को वर्षको मध्य जुलाई),"The fiscal year closes at the end of Ashad, completing a twelve-month cycle from Shrawan.",Ministry of Finance,SRC010,"Ministry of Finance, Government of Nepal",https://www.mof.gov.np,Government,Medium,Date/Year
ECO031,Economy,Macroeconomy & Fiscal,Which government ministry is primarily responsible for Nepal's fiscal policy and national budget?,नेपालको वित्तीय नीति र राष्ट्रिय बजेटको मुख्य जिम्मेवारी कुन मन्त्रालयको हो?,Ministry of Finance,अर्थ मन्त्रालय,The Ministry of Finance prepares and presents the annual national budget.,Ministry of Finance,SRC010,"Ministry of Finance, Government of Nepal",https://www.mof.gov.np,Government,Easy,Organization
ECO032,Economy,Macroeconomy & Fiscal,"Which government body compiles Nepal's national statistics, including GDP data?",नेपालको जीडीपी लगायत राष्ट्रिय तथ्यांक कुन सरकारी निकायले संकलन गर्दछ?,National Statistics Office (formerly Central Bureau of Statistics),राष्ट्रिय तथ्याङ्क कार्यालय (पूर्व केन्द्रीय तथ्याङ्क विभाग),"This office compiles Nepal's census, GDP, and other economic statistics.",National Statistics Office,SRC008,"National Statistics Office, Government of Nepal",https://nsonepal.gov.np,Government,Medium,Organization
ECO033,Economy,Macroeconomy & Fiscal,What is the standard Value Added Tax (VAT) rate applied in Nepal?,नेपालमा लागू हुने मानक मूल्य अभिवृद्धि कर (भ्याट) दर कति हो?,13%,१३ प्रतिशत,Nepal applies a flat 13% VAT rate on most goods and services.,Inland Revenue Department,SRC011,"Inland Revenue Department, Government of Nepal",https://ird.gov.np,Government,Medium,Number
ECO034,Economy,Macroeconomy & Fiscal,Which government body administers income tax collection in Nepal?,नेपालमा आयकर संकलनको प्रशासन कुन सरकारी निकायले गर्दछ?,Inland Revenue Department (IRD),आन्तरिक राजस्व विभाग,IRD is responsible for administering income tax and VAT collection.,Inland Revenue Department,SRC011,"Inland Revenue Department, Government of Nepal",https://ird.gov.np,Government,Medium,Organization
ECO035,Economy,Macroeconomy & Fiscal,Remittance income is broadly cited as constituting roughly what share of Nepal's GDP in recent years?,हालका वर्षहरूमा रेमिट्यान्स आयले नेपालको जीडीपीको लगभग कति हिस्सा ओगटेको भनी उल्लेख गरिन्छ?,Roughly a quarter (approximately 25%),लगभग एक चौथाई (करिब २५ प्रतिशत),"Remittances form one of the largest single contributors to Nepal's GDP, though the exact figure varies year to year.",Nepal Rastra Bank / World Bank,SRC012,Nepal Rastra Bank / World Bank,,Government,Hard,Number
ECO041,Economy,Trade & Exports,Which neighboring country is Nepal's largest trading partner?,नेपालको सबैभन्दा ठूलो व्यापारिक साझेदार देश कुन हो?,India,भारत,India accounts for the majority of Nepal's total trade volume.,"Ministry of Industry, Commerce and Supplies",SRC015,"Ministry of Industry, Commerce and Supplies, Government of Nepal",https://moics.gov.np,Government,Easy,Place
ECO042,Economy,Trade & Exports,"Being a landlocked country, Nepal primarily relies on which neighboring country's seaports for third-country trade?",भूपरिवेष्ठित देश भएकाले नेपाल तेस्रो देशसँगको व्यापारका लागि मुख्यतया कुन छिमेकी देशको समुद्री बन्दरगाहमा निर्भर छ?,India (Kolkata port),भारत (कोलकाता बन्दरगाह),"Nepal uses Indian ports, mainly Kolkata, for maritime access to global trade.","Ministry of Industry, Commerce and Supplies",SRC015,"Ministry of Industry, Commerce and Supplies, Government of Nepal",https://moics.gov.np,Government,Medium,Place
ECO043,Economy,Trade & Exports,What is a traditional major export item of Nepal known internationally as a fine wool-based product?,अन्तर्राष्ट्रिय रूपमा उत्कृष्ट ऊनी उत्पादनको रूपमा चिनिने नेपालको परम्परागत प्रमुख निर्यात वस्तु के हो?,Pashmina,पश्मिना,Pashmina shawls made from fine cashmere wool are a well-known Nepali export product.,"Ministry of Industry, Commerce and Supplies",SRC015,"Ministry of Industry, Commerce and Supplies, Government of Nepal",https://moics.gov.np,Government,Easy,Other
ECO044,Economy,Trade & Exports,Which treaty governs trade and transit relations between Nepal and India?,नेपाल र भारतबीचको व्यापार तथा पारवहन सम्बन्ध कुन सन्धिले नियमन गर्दछ?,Nepal-India Treaty of Trade and Transit,नेपाल-भारत व्यापार तथा पारवहन सन्धि,This treaty framework governs bilateral trade and Nepal's transit rights through India.,"Ministry of Industry, Commerce and Supplies",SRC015,"Ministry of Industry, Commerce and Supplies, Government of Nepal",https://moics.gov.np,Government,Hard,Law/Article
ECO045,Economy,Trade & Exports,Name a traditional hand-woven textile product historically significant to Nepal's export-oriented carpet industry.,नेपालको निर्यातमुखी कार्पेट उद्योगमा ऐतिहासिक रूपमा महत्त्वपूर्ण रहेको परम्परागत हस्तनिर्मित वस्त्र उत्पादन नाम दिनुहोस्।,Wool carpets,ऊनी गलैंचा,Hand-woven wool carpets have historically been one of Nepal's leading manufactured exports.,"Ministry of Industry, Commerce and Supplies",SRC015,"Ministry of Industry, Commerce and Supplies, Government of Nepal",https://moics.gov.np,Government,Medium,Other
ECO046,Economy,Trade & Exports,What is Nepal's primary agricultural cash-crop export grown extensively in the eastern hills?,पूर्वी पहाडी क्षेत्रमा व्यापक रूपमा उत्पादन गरिने नेपालको प्रमुख नगदेबाली निर्यात के हो?,Tea,चिया,Tea grown in districts like Ilam is a significant agricultural export of Nepal.,Ministry of Agriculture and Livestock Development,SRC016,"Ministry of Agriculture and Livestock Development, Government of Nepal",https://moald.gov.np,Government,Medium,Other
ECO047,Economy,Trade & Exports,"Besides India, which northern neighboring country does Nepal also use for alternative trade access?",भारत बाहेक नेपालले वैकल्पिक व्यापार पहुँचका लागि कुन उत्तरी छिमेकी देश पनि प्रयोग गर्दछ?,China,चीन,"Nepal also conducts trade through northern border points with China, though at a smaller volume than with India.","Ministry of Industry, Commerce and Supplies",SRC015,"Ministry of Industry, Commerce and Supplies, Government of Nepal",https://moics.gov.np,Government,Easy,Place
ECO048,Economy,Trade & Exports,What is the name of the dry port (inland container depot) Nepal uses near the Indian border in Birgunj for third-country trade?,तेस्रो देशसँगको व्यापारका लागि बीरगन्जमा रहेको ड्राई पोर्ट (आइसीडी) को नाम के हो?,"Inland Container Depot, Birgunj",बीरगन्ज अन्तर्देशीय कन्टेनर डिपो,This ICD facilitates customs clearance for Nepal's international trade cargo.,"Ministry of Industry, Commerce and Supplies",SRC015,"Ministry of Industry, Commerce and Supplies, Government of Nepal",https://moics.gov.np,Government,Hard,Place
ECO049,Economy,Trade & Exports,Nepal is a member of which South Asian regional cooperation and trade organization?,नेपाल कुन दक्षिण एसियाली क्षेत्रीय सहयोग तथा व्यापार संगठनको सदस्य हो?,SAARC (South Asian Association for Regional Cooperation),सार्क (दक्षिण एसियाली क्षेत्रीय सहयोग संगठन),"Nepal is a founding member of SAARC, which promotes regional trade and cooperation.",SAARC,SRC017,South Asian Association for Regional Cooperation,https://www.saarc-sec.org,International Organization,Medium,Organization
ECO050,Economy,Trade & Exports,In which year did Nepal officially join the World Trade Organization (WTO)?,नेपाल कुन सालमा आधिकारिक रूपमा विश्व व्यापार संगठन (डब्ल्यूटीओ) मा सामेल भयो?,2004,सन् २००४,"Nepal became a WTO member in 2004, the first LDC to join through full accession negotiations.",World Trade Organization,SRC018,World Trade Organization,https://www.wto.org,International Organization,Hard,Date/Year
ECO051,Economy,Tourism Economy,Which body issues trekking permits for Nepal's national parks and conservation areas?,नेपालका राष्ट्रिय निकुञ्ज तथा संरक्षण क्षेत्रका लागि ट्रेकिङ अनुमतिपत्र कसले जारी गर्दछ?,Nepal Tourism Board / respective park and conservation area offices,नेपाल पर्यटन बोर्ड / सम्बन्धित निकुञ्ज तथा संरक्षण क्षेत्र कार्यालय,Permits are issued jointly through tourism authorities and the relevant park/conservation offices.,Nepal Tourism Board,SRC019,Nepal Tourism Board,https://ntb.gov.np,Government,Medium,Organization
ECO052,Economy,Tourism Economy,"What system requires trekkers to register before undertaking major treks in Nepal, abbreviated TIMS?","नेपालमा प्रमुख ट्रेक सुरु गर्नुअघि ट्रेकरहरूलाई दर्ता गराउन आवश्यक पर्ने प्रणाली, जसलाई टिम्स भनिन्छ, के हो?",Trekkers' Information Management System,ट्रेकर्स सूचना व्यवस्थापन प्रणाली,TIMS records trekker information for safety and monitoring purposes.,Nepal Tourism Board,SRC019,Nepal Tourism Board,https://ntb.gov.np,Government,Medium,Other
ECO053,Economy,Tourism Economy,Which sector significantly contributes to Nepal's foreign currency earnings alongside remittances?,रेमिट्यान्ससँगै नेपालको वैदेशिक मुद्रा आर्जनमा कुन क्षेत्रले महत्त्वपूर्ण योगदान गर्दछ?,Tourism,पर्यटन,Tourism is one of Nepal's major sources of foreign exchange earnings.,"Ministry of Culture, Tourism and Civil Aviation",SRC020,"Ministry of Culture, Tourism and Civil Aviation, Government of Nepal",https://tourism.gov.np,Government,Easy,Other
ECO054,Economy,Tourism Economy,What is the main international airport through which most foreign tourists enter Nepal?,अधिकांश विदेशी पर्यटक नेपाल प्रवेश गर्ने मुख्य अन्तर्राष्ट्रिय विमानस्थल कुन हो?,"Tribhuvan International Airport, Kathmandu","त्रिभुवन अन्तर्राष्ट्रिय विमानस्थल, काठमाडौं",Tribhuvan International Airport is Nepal's primary gateway for international arrivals.,Civil Aviation Authority of Nepal,SRC021,Civil Aviation Authority of Nepal (CAAN),https://www.caanepal.gov.np,Government,Easy,Place
ECO055,Economy,Tourism Economy,What was the name of Nepal's major official tourism promotion campaign held in 2020?,सन् २०२० मा सञ्चालन गरिएको नेपालको प्रमुख आधिकारिक पर्यटन प्रवर्द्धन अभियानको नाम के थियो?,Visit Nepal Year 2020,भ्रमण वर्ष नेपाल २०२०,This campaign aimed to boost international tourist arrivals to Nepal.,Nepal Tourism Board,SRC019,Nepal Tourism Board,https://ntb.gov.np,Government,Medium,Event
ECO056,Economy,Tourism Economy,Which government body is primarily responsible for promoting tourism in Nepal?,नेपालमा पर्यटन प्रवर्द्धनको मुख्य जिम्मेवारी कुन सरकारी निकायको हो?,Nepal Tourism Board,नेपाल पर्यटन बोर्ड,Nepal Tourism Board leads national and international tourism marketing efforts.,Nepal Tourism Board,SRC019,Nepal Tourism Board,https://ntb.gov.np,Government,Easy,Organization
ECO057,Economy,Tourism Economy,What is the general term for the fee foreign trekkers pay to enter Nepal's national parks and conservation areas?,विदेशी ट्रेकरहरूले नेपालका राष्ट्रिय निकुञ्ज तथा संरक्षण क्षेत्रमा प्रवेश गर्दा तिर्ने शुल्कलाई सामान्यतया के भनिन्छ?,Conservation area / park entry permit fee,संरक्षण क्षेत्र / निकुञ्ज प्रवेश अनुमतिपत्र शुल्क,This entry fee funds conservation and park management activities.,Department of National Parks and Wildlife Conservation,SRC022,"Department of National Parks and Wildlife Conservation, Government of Nepal",https://dnpwc.gov.np,Government,Medium,Other
ECO058,Economy,Tourism Economy,"What is the name of Nepal's international airport located in Bhairahawa, near Lumbini?",लुम्बिनी नजिकै भैरहवामा रहेको नेपालको अन्तर्राष्ट्रिय विमानस्थलको नाम के हो?,Gautam Buddha International Airport,गौतम बुद्ध अन्तर्राष्ट्रिय विमानस्थल,This airport was upgraded to serve international flights supporting Buddhist pilgrimage tourism.,Civil Aviation Authority of Nepal,SRC021,Civil Aviation Authority of Nepal (CAAN),https://www.caanepal.gov.np,Government,Hard,Place
ECO059,Economy,Tourism Economy,What is the name of Nepal's international airport near Pokhara that became operational in 2023?,सन् २०२३ मा सञ्चालनमा आएको पोखरा नजिकैको नेपालको अन्तर्राष्ट्रिय विमानस्थलको नाम के हो?,Pokhara International Airport,पोखरा अन्तर्राष्ट्रिय विमानस्थल,This airport aimed to boost tourism access to the Pokhara/Annapurna region.,Civil Aviation Authority of Nepal,SRC021,Civil Aviation Authority of Nepal (CAAN),https://www.caanepal.gov.np,Government,Hard,Place
ECO060,Economy,Tourism Economy,Adventure tourism revenue in Nepal is significantly tied to climbing permits for which mountain?,नेपालको साहसिक पर्यटन आम्दानी मुख्यतया कुन हिमालको आरोहण अनुमतिपत्रसँग जोडिएको छ?,Mount Everest,सगरमाथा (माउन्ट एभरेस्ट),Everest climbing permit fees form a significant part of Nepal's mountaineering tourism revenue.,Department of Tourism,SRC023,"Department of Tourism, Government of Nepal",https://www.tourism.gov.np,Government,Easy,Place
ECO061,Economy,Agriculture Economy,What is Nepal's most widely cultivated staple food crop?,नेपालको सबैभन्दा व्यापक रूपमा खेती गरिने मुख्य खाद्यान्न बाली के हो?,Rice (paddy),धान (चामल),Rice is the primary staple crop cultivated across most of Nepal's agricultural land.,Ministry of Agriculture and Livestock Development,SRC016,"Ministry of Agriculture and Livestock Development, Government of Nepal",https://moald.gov.np,Government,Easy,Other
ECO062,Economy,Agriculture Economy,Which government ministry oversees agricultural policy in Nepal?,नेपालमा कृषि नीतिको निरीक्षण कुन सरकारी मन्त्रालयले गर्दछ?,Ministry of Agriculture and Livestock Development,कृषि तथा पशुपन्छी विकास मन्त्रालय,This ministry formulates and implements Nepal's agricultural policies.,Ministry of Agriculture and Livestock Development,SRC016,"Ministry of Agriculture and Livestock Development, Government of Nepal",https://moald.gov.np,Government,Easy,Organization
ECO063,Economy,Agriculture Economy,What term describes Nepal's traditional small-scale farming system practiced by most smallholder farmers?,अधिकांश साना किसानहरूले अभ्यास गर्ने नेपालको परम्परागत साना-स्तरको खेती प्रणालीलाई कुन शब्दले वर्णन गरिन्छ?,Subsistence agriculture,निर्वाहमुखी कृषि,"Most Nepali farmers practice subsistence farming, growing primarily for household consumption.",Ministry of Agriculture and Livestock Development,SRC016,"Ministry of Agriculture and Livestock Development, Government of Nepal",https://moald.gov.np,Government,Medium,Other
ECO064,Economy,Agriculture Economy,"Which cash crop, grown extensively in eastern hill districts like Ilam, is a significant agricultural export for Nepal?",इलाम जस्ता पूर्वी पहाडी जिल्लाहरूमा व्यापक रूपमा उत्पादन गरिने कुन नगदेबाली नेपालको महत्त्वपूर्ण कृषि निर्यात हो?,Tea,चिया,Ilam district is particularly renowned for its tea production and export.,Ministry of Agriculture and Livestock Development,SRC016,"Ministry of Agriculture and Livestock Development, Government of Nepal",https://moald.gov.np,Government,Medium,Other
ECO065,Economy,Agriculture Economy,Agriculture is broadly cited as contributing roughly what share of Nepal's GDP in recent economic surveys?,हालैका आर्थिक सर्वेक्षणहरूमा कृषिले नेपालको जीडीपीमा लगभग कति हिस्सा योगदान गरेको उल्लेख गरिन्छ?,Roughly a quarter (approximately 24-25%),लगभग एक चौथाई (करिब २४-२५ प्रतिशत),Agriculture's GDP share has gradually declined but remains substantial; verify against the latest Economic Survey.,Ministry of Finance (Economic Survey),SRC024,Ministry of Finance - Economic Survey,https://www.mof.gov.np,Government,Hard,Number
ECO066,Economy,Remittance & Labor,Foreign employment remittances form which major component of Nepal's national income?,वैदेशिक रोजगारीबाट प्राप्त रेमिट्यान्सले नेपालको राष्ट्रिय आयको कुन प्रमुख अंश बनाउँछ?,A major share of GDP driven by labor migration,श्रम बसाइँसराइबाट प्रेरित जीडीपीको प्रमुख अंश,Remittances sent home by migrant workers form one of the largest components of national income.,Nepal Rastra Bank,SRC001,Nepal Rastra Bank - Official Website,https://www.nrb.org.np,Government,Easy,Other
ECO067,Economy,Remittance & Labor,Which government body manages foreign labor permits for Nepali migrant workers?,नेपाली आप्रवासी श्रमिकहरूको वैदेशिक श्रम स्वीकृति कुन सरकारी निकायले व्यवस्थापन गर्दछ?,Department of Foreign Employment,वैदेशिक रोजगार विभाग,This department issues labor permits and regulates foreign employment agencies.,Department of Foreign Employment,SRC025,"Department of Foreign Employment, Government of Nepal",https://dofe.gov.np,Government,Medium,Organization
ECO068,Economy,Remittance & Labor,Name one Gulf country that is a major destination for Nepali migrant workers.,नेपाली आप्रवासी श्रमिकहरूको प्रमुख गन्तव्य रहेको एउटा खाडी देशको नाम दिनुहोस्।,Qatar,कतार,"Qatar, alongside Saudi Arabia and the UAE, is a major destination for Nepali labor migrants.",Department of Foreign Employment,SRC025,"Department of Foreign Employment, Government of Nepal",https://dofe.gov.np,Government,Easy,Place
ECO069,Economy,Remittance & Labor,What is the commonly used term for money sent home by migrant workers?,आप्रवासी श्रमिकहरूले घर पठाउने रकमलाई सामान्यतया के भनिन्छ?,Remittance,रेमिट्यान्स,This term refers to money transferred by workers abroad back to their home country.,Nepal Rastra Bank,SRC001,Nepal Rastra Bank - Official Website,https://www.nrb.org.np,Government,Easy,Other
ECO070,Economy,Remittance & Labor,"Which East Asian country, outside the Gulf region, is also a major labor migration destination for Nepali workers?",खाडी क्षेत्र बाहेक कुन पूर्वी एसियाली देश पनि नेपाली श्रमिकहरूको प्रमुख श्रम बसाइँसराइ गन्तव्य हो?,Malaysia,मलेसिया,Malaysia has historically been one of the top destinations for Nepali labor migrants alongside Gulf countries.,Department of Foreign Employment,SRC025,"Department of Foreign Employment, Government of Nepal",https://dofe.gov.np,Government,Medium,Place
TEC016,Technology,Internet,Which company launched Nepal's first email service?,नेपालको पहिलो इमेल सेवा कुन कम्पनीले सुरु गरेको थियो?,Mercantile Communications Pvt. Ltd.,मर्केन्टाइल कम्युनिकेसन्स प्रा.लि.,Mercantile Communications is credited with launching Nepal's first email service.,Mercantile Communications,SRC030,Mercantile Communications Pvt. Ltd.,https://www.mos.com.np,Other,Medium,Organization
TEC017,Technology,Internet,In which year did Nepal get its first email service?,नेपालले पहिलोपटक इमेल सेवा कुन सालमा पायो?,1993,सन् १९९३,Nepal's first email connectivity was established in 1993.,Mercantile Communications,SRC030,Mercantile Communications Pvt. Ltd.,https://www.mos.com.np,Other,Hard,Date/Year
TEC018,Technology,Internet,"In which year was full internet access, beyond just email, first introduced in Nepal?",इमेल मात्र नभई पूर्ण इन्टरनेट पहुँच नेपालमा पहिलोपटक कुन सालमा सुरु भएको थियो?,1995,सन् १९९५,Full internet access followed the earlier email-only connectivity by a couple of years.,Mercantile Communications,SRC030,Mercantile Communications Pvt. Ltd.,https://www.mos.com.np,Other,Medium,Date/Year
TEC019,Technology,Internet,What is Nepal's country-code top-level domain (ccTLD)?,नेपालको देश-कोड शीर्ष-स्तर डोमेन (सीसीटीएलडी) के हो?,.np,.np,This is the internet domain suffix officially designated for Nepal.,Mercantile Communications (registry operator),SRC031,Mercantile Communications Pvt. Ltd. (.np Registry),https://www.mos.com.np,Other,Easy,Other
TEC020,Technology,Internet,Which organization has historically operated as the registry for Nepal's .np domain?,नेपालको .np डोमेनको रजिस्ट्रीको रूपमा परम्परागत रूपमा कुन संस्था कार्यरत रहेको छ?,Mercantile Communications,मर्केन्टाइल कम्युनिकेसन्स,Mercantile Communications has managed .np domain registration since the domain's inception.,Mercantile Communications,SRC030,Mercantile Communications Pvt. Ltd.,https://www.mos.com.np,Other,Hard,Organization
TEC021,Technology,Internet,What broad category of fiber-optic internet connection has been expanding rapidly in urban Nepal?,सहरी नेपालमा द्रुत गतिमा विस्तार भइरहेको फाइबर-अप्टिक इन्टरनेट जडानको फराकिलो प्रकार के हो?,Fiber-to-the-home (FTTH) broadband,फाइबर-टु-द-होम (एफटीटीएच) ब्रोडब्यान्ड,FTTH broadband has been rapidly replacing older ADSL connections in Nepal's cities.,Nepal Telecommunications Authority,SRC028,Nepal Telecommunications Authority (NTA),https://www.nta.gov.np,Government,Medium,Other
TEC022,Technology,Internet,Which regulatory body issues internet service provider (ISP) licenses in Nepal?,नेपालमा इन्टरनेट सेवा प्रदायक (आईएसपी) इजाजतपत्र कुन नियामक निकायले जारी गर्दछ?,Nepal Telecommunications Authority (NTA),नेपाल दूरसञ्चार प्राधिकरण,NTA licenses all ISPs operating within Nepal.,Nepal Telecommunications Authority,SRC028,Nepal Telecommunications Authority (NTA),https://www.nta.gov.np,Government,Easy,Organization
TEC023,Technology,Internet,"What is the commonly used term in Nepal for public shared-computer internet access points, widespread before mobile broadband?",मोबाइल ब्रोडब्यान्ड आउनुअघि व्यापक रहेको सार्वजनिक साझा-कम्प्युटर इन्टरनेट पहुँच केन्द्रलाई नेपालमा सामान्यतया के भनिन्छ?,Cyber café,साइबर क्याफे,Cyber cafés were a widespread means of public internet access in Nepal before mobile broadband.,Nepal Telecommunications Authority,SRC028,Nepal Telecommunications Authority (NTA),https://www.nta.gov.np,Government,Easy,Other
TEC024,Technology,Internet,Which social media platform is widely reported as the most used in Nepal?,नेपालमा सबैभन्दा बढी प्रयोग हुने सामाजिक सञ्जाल मञ्चको रूपमा व्यापक रूपमा कुन उल्लेख गरिन्छ?,Facebook,फेसबुक,Facebook has consistently been reported as Nepal's most widely used social media platform.,Nepal Telecommunications Authority,SRC028,Nepal Telecommunications Authority (NTA),https://www.nta.gov.np,Government,Easy,Organization
TEC025,Technology,Internet,What government-linked initiative aims to expand broadband internet connectivity into rural parts of Nepal?,नेपालको ग्रामीण भागहरूमा ब्रोडब्यान्ड इन्टरनेट जडान विस्तार गर्ने लक्ष्य राखेको सरकार-सम्बन्धित पहल के हो?,Rural Telecommunications Development Fund broadband expansion projects,ग्रामीण दूरसञ्चार विकास कोषका ब्रोडब्यान्ड विस्तार आयोजनाहरू,This fund-financed initiative supports extending broadband access to underserved rural regions.,Nepal Telecommunications Authority,SRC028,Nepal Telecommunications Authority (NTA),https://www.nta.gov.np,Government,Medium,Other
TEC031,Technology,Digital Payments,What is the name of the national interbank payment infrastructure established under Nepal Rastra Bank's oversight?,नेपाल राष्ट्र बैंकको निगरानीमा स्थापना गरिएको राष्ट्रिय अन्तर-बैंक भुक्तानी पूर्वाधारको नाम के हो?,National Payments Gateway (NPG),राष्ट्रिय भुक्तानी गेटवे (एनपीजी),NPG facilitates interoperable digital transactions across Nepal's banking system.,Nepal Rastra Bank,SRC001,Nepal Rastra Bank - Official Website,https://www.nrb.org.np,Government,Medium,Organization
TEC032,Technology,Digital Payments,What interoperable QR-based payment standard has Nepal Rastra Bank promoted for merchant payments?,व्यापारी भुक्तानीका लागि नेपाल राष्ट्र बैंकले प्रवर्द्धन गरेको अन्तर-सञ्चालनयोग्य क्यूआर-आधारित भुक्तानी मापदण्ड के हो?,Nepal QR,नेपाल क्यूआर,Nepal QR enables interoperable QR-code-based payments across different banks and wallets.,Nepal Rastra Bank,SRC001,Nepal Rastra Bank - Official Website,https://www.nrb.org.np,Government,Medium,Other
TEC033,Technology,Digital Payments,Which government body regulates digital wallets and payment service providers in Nepal?,नेपालमा डिजिटल वालेट तथा भुक्तानी सेवा प्रदायकहरूको नियमन कुन सरकारी निकायले गर्दछ?,Nepal Rastra Bank (Payment Systems Department),नेपाल राष्ट्र बैंक (भुक्तानी प्रणाली विभाग),Nepal Rastra Bank licenses and regulates all payment service operators.,Nepal Rastra Bank,SRC001,Nepal Rastra Bank - Official Website,https://www.nrb.org.np,Government,Easy,Organization
TEC034,Technology,Digital Payments,Name a mobile-money/remittance-linked digital payment service launched by the IME Group.,आईएमई समूहले सुरु गरेको मोबाइल-मनी/रेमिट्यान्स-सम्बन्धित डिजिटल भुक्तानी सेवाको नाम दिनुहोस्।,IME Pay,आईएमई पे,"IME Pay is a digital wallet service launched by the IME Group, a major remittance company.",IME Group,SRC034,IME Group (IME Pay),https://imepay.com.np,Other,Medium,Organization
TEC035,Technology,Digital Payments,What term describes Nepal's broader shift toward cashless transactions promoted through QR codes and mobile banking apps?,क्यूआर कोड र मोबाइल बैंकिङ एपमार्फत प्रवर्द्धित नेपालको नगदरहित कारोबारतर्फको फराकिलो परिवर्तनलाई कुन शब्दले वर्णन गरिन्छ?,Digital/cashless payment adoption,डिजिटल/नगदरहित भुक्तानी अवलम्बन,This shift reflects growing use of electronic and mobile-based payment methods across Nepal.,Nepal Rastra Bank,SRC001,Nepal Rastra Bank - Official Website,https://www.nrb.org.np,Government,Hard,Other
TEC036,Technology,E-Governance,What is the name of the government's unified digital service mobile application launched to provide citizen services?,नागरिक सेवाहरू उपलब्ध गराउन सरकारद्वारा सुरु गरिएको एकीकृत डिजिटल सेवा मोबाइल एप्लिकेसनको नाम के हो?,Nagarik App,नागरिक एप,Nagarik App provides Nepali citizens access to various government services digitally.,Ministry of Communication and Information Technology,SRC035,"Ministry of Communication and Information Technology, Government of Nepal",https://mocit.gov.np,Government,Easy,Other
TEC037,Technology,E-Governance,What is the name of Nepal's national identity card project intended to enable digital identity verification?,डिजिटल परिचय प्रमाणीकरण सम्भव पार्ने उद्देश्यले सञ्चालित नेपालको राष्ट्रिय परिचयपत्र आयोजनाको नाम के हो?,National Identity Card (NID),राष्ट्रिय परिचयपत्र (एनआईडी),The National ID project aims to provide a unified digital identity for citizens.,Department of National ID and Civil Registration,SRC036,"Department of National ID and Civil Registration, Government of Nepal",https://donidcr.gov.np,Government,Medium,Other
TEC038,Technology,E-Governance,Which government body oversees Nepal's e-governance initiatives and IT policy?,नेपालको ई-गभर्नेन्स पहल तथा आईटी नीतिको निरीक्षण कुन सरकारी निकायले गर्दछ?,Ministry of Communication and Information Technology,सञ्चार तथा सूचना प्रविधि मन्त्रालय,This ministry leads Nepal's digital governance and IT policy formulation.,Ministry of Communication and Information Technology,SRC035,"Ministry of Communication and Information Technology, Government of Nepal",https://mocit.gov.np,Government,Medium,Organization
TEC039,Technology,E-Governance,What system allows Nepali citizens to apply for passports online before in-person biometric verification?,नेपाली नागरिकहरूलाई व्यक्तिगत बायोमेट्रिक प्रमाणीकरणअघि अनलाइन राहदानी आवेदन दिन सक्षम पार्ने प्रणाली के हो?,Online passport application system,अनलाइन राहदानी आवेदन प्रणाली,This system streamlines passport applications through the Department of Passports.,Department of Passports,SRC037,"Department of Passports, Government of Nepal",https://nepalpassport.gov.np,Government,Medium,Other
TEC040,Technology,E-Governance,"Which government commission oversees voter registration and elections in Nepal, increasingly using digital voter rolls?","नेपालमा मतदाता दर्ता तथा निर्वाचनको निरीक्षण कुन सरकारी आयोगले गर्दछ, जसले बढ्दो रूपमा डिजिटल मतदाता नामावली प्रयोग गर्दै आएको छ?",Election Commission of Nepal,"निर्वाचन आयोग, नेपाल",The Election Commission maintains Nepal's digital voter registration system.,Election Commission of Nepal,SRC038,Election Commission of Nepal,https://election.gov.np,Government,Easy,Organization
TEC041,Technology,E-Governance,What is the name of Nepal's e-governance master plan aimed at digitizing government services?,सरकारी सेवाहरूलाई डिजिटल बनाउने लक्ष्य राखेको नेपालको ई-गभर्नेन्स गुरुयोजनाको नाम के हो?,Digital Nepal Framework,डिजिटल नेपाल फ्रेमवर्क,Digital Nepal Framework outlines the roadmap for digitizing Nepal's government services and economy.,Ministry of Communication and Information Technology,SRC035,"Ministry of Communication and Information Technology, Government of Nepal",https://mocit.gov.np,Government,Hard,Other
TEC042,Technology,E-Governance,In which year was the Digital Nepal Framework officially launched?,डिजिटल नेपाल फ्रेमवर्क कुन सालमा आधिकारिक रूपमा सुरु गरिएको थियो?,2019,सन् २०१९,The framework was launched in 2019 to guide Nepal's digital transformation.,Ministry of Communication and Information Technology,SRC035,"Ministry of Communication and Information Technology, Government of Nepal",https://mocit.gov.np,Government,Hard,Date/Year
TEC043,Technology,E-Governance,Which government office is responsible for maintaining Nepal's civil registration and vital digital records?,नेपालको नागरिक दर्ता तथा महत्त्वपूर्ण डिजिटल अभिलेख अद्यावधिक राख्ने जिम्मेवारी कुन सरकारी कार्यालयको हो?,Department of National ID and Civil Registration,राष्ट्रिय परिचयपत्र तथा पञ्जीकरण विभाग,This department manages both national ID issuance and civil registration records.,Department of National ID and Civil Registration,SRC036,"Department of National ID and Civil Registration, Government of Nepal",https://donidcr.gov.np,Government,Medium,Organization
TEC044,Technology,E-Governance,What is the name of the government office responsible for online company registration in Nepal?,नेपालमा अनलाइन कम्पनी दर्ताको जिम्मेवारी भएको सरकारी कार्यालयको नाम के हो?,Office of the Company Registrar (OCR),कम्पनी रजिस्ट्रारको कार्यालय,"OCR manages company incorporation and registration processes, including online filing.",Office of the Company Registrar,SRC039,"Office of the Company Registrar, Government of Nepal",https://ocr.gov.np,Government,Hard,Organization
TEC045,Technology,E-Governance,Which government system allows Nepali taxpayers to file tax returns electronically?,नेपाली करदाताहरूलाई विद्युतीय रूपमा कर विवरण दाखिला गर्न सक्षम पार्ने सरकारी प्रणाली कुन हो?,Inland Revenue Department's e-filing system,आन्तरिक राजस्व विभागको ई-फाइलिङ प्रणाली,This system allows electronic submission of VAT and income tax returns.,Inland Revenue Department,SRC011,"Inland Revenue Department, Government of Nepal",https://ird.gov.np,Government,Medium,Other
TEC046,Technology,IT Industry,What term is often informally used to describe Kathmandu's growing cluster of software companies and IT startups?,काठमाडौंमा बढ्दो सफ्टवेयर कम्पनी तथा आईटी स्टार्टअपको समूहलाई वर्णन गर्न अनौपचारिक रूपमा प्रायः प्रयोग गरिने शब्द के हो?,IT hub,आईटी हब,Kathmandu is increasingly described informally as Nepal's growing IT hub.,Computer Association of Nepal,SRC040,Computer Association of Nepal (CAN Federation),https://can.org.np,Other,Medium,Other
TEC047,Technology,IT Industry,Which government-supported facility near Banepa was established to promote Nepal's IT industry and outsourcing?,नेपालको आईटी उद्योग तथा आउटसोर्सिङ प्रवर्द्धनका लागि बानेपा नजिकै स्थापना गरिएको सरकार-समर्थित सुविधा के हो?,Nepal IT Park (Banepa),नेपाल आईटी पार्क (बानेपा),This facility was set up to support Nepal's IT and software export industry.,Ministry of Communication and Information Technology,SRC035,"Ministry of Communication and Information Technology, Government of Nepal",https://mocit.gov.np,Government,Medium,Place
TEC052,Technology,IT Industry,"Which university, through its engineering institute, was among the first to offer a formal computer science/IT degree program in Nepal?",इन्जिनियरिङ प्रतिष्ठानमार्फत कुन विश्वविद्यालय नेपालमा औपचारिक कम्प्युटर विज्ञान/आईटी उपाधि कार्यक्रम प्रदान गर्ने पहिलोमध्ये पर्दछ?,Tribhuvan University (Institute of Engineering),त्रिभुवन विश्वविद्यालय (इन्जिनियरिङ अध्ययन संस्थान),Tribhuvan University's Institute of Engineering was among Nepal's pioneers in formal computing education.,Tribhuvan University,SRC042,Tribhuvan University,https://tu.edu.np,Academic,Medium,Organization
TEC053,Technology,IT Industry,What percentage share of Nepal's total export earnings is the IT/software service sector broadly cited as representing?,नेपालको कुल निर्यात आम्दानीमा आईटी/सफ्टवेयर सेवा क्षेत्रले लगभग कति प्रतिशत हिस्सा ओगटेको भनी व्यापक रूपमा उल्लेख गरिन्छ?,A small but steadily growing share (specific percentage varies by year),सानो तर क्रमशः बढ्दो हिस्सा (सही प्रतिशत वर्षअनुसार फरक पर्छ),IT service exports remain a modest but expanding share of Nepal's total exports; verify the current percentage.,Nepal Rastra Bank / Computer Association of Nepal,SRC043,Nepal Rastra Bank / Computer Association of Nepal,,Government,Hard,Number
TEC054,Technology,IT Industry,Name one well-known Nepali IT/software company recognized for outsourcing or fintech services internationally.,अन्तर्राष्ट्रिय रूपमा आउटसोर्सिङ वा फिनटेक सेवाका लागि चिनिने एउटा प्रख्यात नेपाली आईटी/सफ्टवेयर कम्पनीको नाम दिनुहोस्।,F1Soft International,एफवान्सफ्ट इन्टरनेशनल,"F1Soft International, the company behind eSewa, is a well-known Nepali fintech/software company.",Computer Association of Nepal,SRC040,Computer Association of Nepal (CAN Federation),https://can.org.np,Other,Hard,Organization
TEC055,Technology,IT Industry,What kind of government policy incentives are typically aimed at promoting software and IT service exports in Nepal?,नेपालमा सफ्टवेयर तथा आईटी सेवा निर्यात प्रवर्द्धनका लागि सामान्यतया कस्ता सरकारी नीतिगत प्रोत्साहनहरू लक्षित हुन्छन्?,Tax incentives and export promotion schemes for IT/software services,आईटी/सफ्टवेयर सेवाका लागि कर छुट तथा निर्यात प्रवर्द्धन योजनाहरू,Government policies have sought to incentivize software exports through tax and regulatory measures.,Ministry of Communication and Information Technology,SRC035,"Ministry of Communication and Information Technology, Government of Nepal",https://mocit.gov.np,Government,Hard,Other
TEC056,Technology,Computing History,Which government institution is historically credited with bringing one of the first computers into Nepal for statistical purposes?,सांख्यिकीय प्रयोजनका लागि नेपालमा पहिलो कम्प्युटरमध्ये एक ल्याउने श्रेय ऐतिहासिक रूपमा कुन सरकारी संस्थालाई दिइन्छ?,Central Bureau of Statistics (now National Statistics Office),केन्द्रीय तथ्याङ्क विभाग (हाल राष्ट्रिय तथ्याङ्क कार्यालय),Nepal's earliest computers were reportedly used for census and statistical processing.,National Statistics Office,SRC008,"National Statistics Office, Government of Nepal",https://nsonepal.gov.np,Government,Hard,Organization
TEC057,Technology,Computing History,"What was the primary use of Nepal's earliest government computers, introduced in the mid-20th century?",बीसौं शताब्दीको मध्यतिर ल्याइएका नेपालका शुरुका सरकारी कम्प्युटरहरूको मुख्य प्रयोग के थियो?,Census and statistical data processing,जनगणना तथा तथ्याङ्क प्रशोधन,Early computers in Nepal were primarily used for processing census and demographic data.,National Statistics Office,SRC008,"National Statistics Office, Government of Nepal",https://nsonepal.gov.np,Government,Hard,Other
TEC058,Technology,Computing History,What general term was used in Nepal during the 1990s for public shared-computer/internet access points?,सन् १९९० को दशकमा नेपालमा सार्वजनिक साझा-कम्प्युटर/इन्टरनेट पहुँच केन्द्रका लागि सामान्य शब्द के प्रयोग गरिन्थ्यो?,Cyber café,साइबर क्याफे,Cyber cafés emerged in the 1990s as Nepal's primary means of public internet access.,Mercantile Communications,SRC030,Mercantile Communications Pvt. Ltd.,https://www.mos.com.np,Other,Easy,Other
TEC059,Technology,Computing History,Which institute under Tribhuvan University played a key role in formally expanding computing/engineering education in Nepal?,त्रिभुवन विश्वविद्यालय अन्तर्गतको कुन प्रतिष्ठानले नेपालमा कम्प्युटिङ/इन्जिनियरिङ शिक्षाको औपचारिक विस्तारमा प्रमुख भूमिका खेलेको थियो?,Institute of Engineering (IOE),इन्जिनियरिङ अध्ययन संस्थान,IOE has historically been central to formal engineering and computing education in Nepal.,Tribhuvan University,SRC042,Tribhuvan University,https://tu.edu.np,Academic,Medium,Organization
TEC060,Technology,Computing History,"In Nepal's early IT commercialization period, what were shared public computer access shops commonly used for, besides browsing?","नेपालको प्रारम्भिक आईटी व्यावसायीकरण अवधिमा, ब्राउजिङ बाहेक साझा सार्वजनिक कम्प्युटर पहुँच पसलहरू सामान्यतया केका लागि प्रयोग हुन्थे?",Email access and basic computer/typing training,इमेल पहुँच र आधारभूत कम्प्युटर/टाइपिङ तालिम,Cyber cafés often doubled as basic computer literacy and typing training centers in early years.,Computer Association of Nepal,SRC040,Computer Association of Nepal (CAN Federation),https://can.org.np,Other,Medium,Other
TEC061,Technology,Space & Satellite,What is the name of Nepal's first satellite launched into space?,अन्तरिक्षमा प्रक्षेपण गरिएको नेपालको पहिलो उपग्रहको नाम के हो?,NepaliSat-1,नेपालीस्याट-१,"NepaliSat-1 was Nepal's first satellite, a small CubeSat.",Kyushu Institute of Technology / Department of Education,SRC044,Kyushu Institute of Technology (Kyutech) - BIRDS Project,https://www.kyutech.ac.jp/english/,Academic,Easy,Other
TEC062,Technology,Space & Satellite,In which year was NepaliSat-1 launched?,नेपालीस्याट-१ कुन सालमा प्रक्षेपण गरिएको थियो?,2019,सन् २०१९,NepaliSat-1 was deployed into orbit in April 2019.,Kyushu Institute of Technology,SRC045,Kyushu Institute of Technology (Kyutech) - BIRDS Project,https://www.kyutech.ac.jp/english/,Academic,Medium,Date/Year
TEC063,Technology,Space & Satellite,NepaliSat-1 was developed as part of a joint program involving which Japanese institution?,नेपालीस्याट-१ कुन जापानी संस्था संलग्न संयुक्त कार्यक्रमको हिस्साको रूपमा विकसित गरिएको थियो?,Kyushu Institute of Technology (Kyutech) - BIRDS project,क्युशु प्रविधि संस्थान (क्युटेक) - बर्ड्स कार्यक्रम,"NepaliSat-1 was developed under the BIRDS satellite program in collaboration with Kyutech, Japan.",Kyushu Institute of Technology,SRC045,Kyushu Institute of Technology (Kyutech) - BIRDS Project,https://www.kyutech.ac.jp/english/,Academic,Hard,Organization
TEC064,Technology,Space & Satellite,From which platform was NepaliSat-1 deployed into orbit?,नेपालीस्याट-१ कुन प्लेटफर्महरू अन्तरिक्षमा प्रक्षेपण गरिएको थियो?,International Space Station (ISS),अन्तर्राष्ट्रिय अन्तरिक्ष स्टेशन (आईएसएस),NepaliSat-1 was released into orbit from the ISS after being carried there.,Kyushu Institute of Technology,SRC045,Kyushu Institute of Technology (Kyutech) - BIRDS Project,https://www.kyutech.ac.jp/english/,Academic,Medium,Place
TEC065,Technology,Space & Satellite,What type of small satellite classification does NepaliSat-1 belong to?,नेपालीस्याट-१ कुन प्रकारको साना उपग्रह वर्गीकरणमा पर्दछ?,CubeSat,क्यूबस्याट,"NepaliSat-1 is classified as a small CubeSat, a standardized miniature satellite form factor.",Kyushu Institute of Technology,SRC045,Kyushu Institute of Technology (Kyutech) - BIRDS Project,https://www.kyutech.ac.jp/english/,Academic,Medium,Other
TEC066,Technology,Emerging Tech/AI,What broad term describes Nepal's growing interest in using chatbots and generative AI tools in education and business?,शिक्षा र व्यवसायमा च्याटबोट तथा जेनेरेटिभ एआई उपकरण प्रयोग गर्ने नेपालको बढ्दो चासोलाई कुन फराकिलो शब्दले वर्णन गरिन्छ?,AI adoption / digital transformation,एआई अवलम्बन / डिजिटल रूपान्तरण,Nepal has seen growing interest in adopting AI tools across sectors including education and business.,Ministry of Communication and Information Technology,SRC035,"Ministry of Communication and Information Technology, Government of Nepal",https://mocit.gov.np,Government,Easy,Other
TEC067,Technology,Emerging Tech/AI,Nepal's National AI Policy was approved around which recent year?,नेपालको राष्ट्रिय एआई नीति हालैको कुन सालतिर स्वीकृत भएको थियो?,2025,सन् २०२५,"Nepal's National AI Policy was approved recently, marking a formal step in national AI governance.",Ministry of Communication and Information Technology,SRC035,"Ministry of Communication and Information Technology, Government of Nepal",https://mocit.gov.np,Government,Hard,Date/Year
TEC068,Technology,Emerging Tech/AI,Which broad sectors does Nepal's National AI Policy explicitly prioritize for AI development?,नेपालको राष्ट्रिय एआई नीतिले एआई विकासका लागि कुन फराकिला क्षेत्रहरूलाई स्पष्ट रूपमा प्राथमिकता दिएको छ?,"Agriculture, health, education, and disaster management, among others","कृषि, स्वास्थ्य, शिक्षा, र विपद् व्यवस्थापन लगायत","The policy names several priority sectors for AI application, including these key areas.",Ministry of Communication and Information Technology,SRC035,"Ministry of Communication and Information Technology, Government of Nepal",https://mocit.gov.np,Government,Medium,Other
TEC069,Technology,Emerging Tech/AI,What is a commonly cited barrier to AI research and deployment specific to Nepal's context?,नेपालको सन्दर्भमा एआई अनुसन्धान तथा प्रयोगमा सामान्यतया उल्लेख गरिने अवरोध के हो?,Limited Nepali-language digital data and infrastructure,सीमित नेपाली-भाषा डिजिटल डेटा तथा पूर्वाधार,The scarcity of digital Nepali-language data is frequently cited as a key barrier to AI development.,Ministry of Communication and Information Technology,SRC035,"Ministry of Communication and Information Technology, Government of Nepal",https://mocit.gov.np,Government,Medium,Other
TEC070,Technology,Emerging Tech/AI,"Which type of institutions in Nepal have begun deploying AI-driven chatbots for customer service, according to recent reports?",हालैका प्रतिवेदनहरू अनुसार नेपालमा कुन प्रकारका संस्थाहरूले ग्राहक सेवाका लागि एआई-सञ्चालित च्याटबोट प्रयोग सुरु गरेका छन्?,Banks and financial institutions,बैंक तथा वित्तीय संस्थाहरू,Several Nepali banks and financial institutions have begun piloting AI chatbots for customer service.,Nepal Rastra Bank,SRC001,Nepal Rastra Bank - Official Website,https://www.nrb.org.np,Government,Medium,Organization
MIS001,Miscellaneous,National Symbols,What is unique about the shape of Nepal's national flag compared to all other national flags in the world?,विश्वका अन्य सबै राष्ट्रिय झण्डाहरूको तुलनामा नेपालको राष्ट्रिय झण्डाको आकारमा के अनौठोपन छ?,It is the only non-quadrilateral (non-rectangular) national flag in the world,यो विश्वको एकमात्र गैर-चतुर्भुज (गैर-आयताकार) राष्ट्रिय झण्डा हो,"Nepal's flag is composed of two stacked triangular pennants, making it unique globally.",Constitution of Nepal,SRC046,"Constitution of Nepal, 2015 (via Nepal Law Commission)",https://www.lawcommission.gov.np,Government,Easy,Other
MIS002,Miscellaneous,National Symbols,What is Nepal's national bird?,नेपालको राष्ट्रिय चरा के हो?,Himalayan monal (Danphe),डाँफे,"The colorful Himalayan monal, locally called Danphe, is Nepal's national bird.",Department of National Parks and Wildlife Conservation,SRC022,"Department of National Parks and Wildlife Conservation, Government of Nepal",https://dnpwc.gov.np,Government,Easy,Other
MIS015,Miscellaneous,National Symbols,"What theme, reflected in the national anthem's title referencing 'hundreds of flowers,' represents Nepal's cultural composition?",राष्ट्रिय गानको शीर्षकमा 'सयौं थुँगा' भन्ने सन्दर्भबाट झल्किने कुन विषयवस्तुले नेपालको सांस्कृतिक बनावटको प्रतिनिधित्व गर्दछ?,Ethnic and cultural diversity and unity,जातीय तथा सांस्कृतिक विविधता र एकता,The anthem's floral metaphor symbolizes Nepal's diverse ethnic and cultural fabric united as one nation.,"Ministry of Culture, Tourism and Civil Aviation",SRC020,"Ministry of Culture, Tourism and Civil Aviation, Government of Nepal",https://tourism.gov.np,Government,Hard,Other
MIS016,Miscellaneous,Calendar & Time,What is the official calendar system used in Nepal for government and legal purposes?,नेपालमा सरकारी तथा कानुनी प्रयोजनका लागि प्रयोग गरिने आधिकारिक पात्रो प्रणाली के हो?,Bikram Sambat (BS),विक्रम सम्वत्,"Bikram Sambat is Nepal's official calendar for government, legal, and most civic purposes.",Ministry of Home Affairs,SRC049,"Ministry of Home Affairs, Government of Nepal",https://moha.gov.np,Government,Easy,Other
MIS017,Miscellaneous,Calendar & Time,In which Gregorian-calendar month does the Nepali New Year typically fall?,नेपाली नयाँ वर्ष सामान्यतया ग्रेगोरियन पात्रोको कुन महिनामा पर्दछ?,Mid-April,मध्य अप्रिल,The Nepali New Year (Baisakh 1) usually falls around mid-April in the Gregorian calendar.,Ministry of Home Affairs,SRC049,"Ministry of Home Affairs, Government of Nepal",https://moha.gov.np,Government,Easy,Date/Year
MIS018,Miscellaneous,Calendar & Time,What is Nepal's standard time zone offset from UTC?,नेपालको मानक समय क्षेत्र UTC भन्दा कति फरक हुन्छ?,UTC+5:45,यूटीसी+५:४५,Nepal uses a distinctive 45-minute offset from Coordinated Universal Time.,Nepal Standard Time Authority / Ministry of Home Affairs,SRC050,Nepal Standard Time Authority / Ministry of Home Affairs,,Government,Medium,Other
MIS019,Miscellaneous,Calendar & Time,Why is Nepal's time zone offset unusual compared to most countries?,नेपालको समय क्षेत्र फरक अधिकांश देशहरूको तुलनामा किन असामान्य छ?,It uses a 45-minute offset instead of a standard hour-based offset,यसले मानक घण्टा-आधारित फरकको सट्टा ४५ मिनेटको फरक प्रयोग गर्दछ,"Most countries use hour-based UTC offsets, while Nepal uses a unique 45-minute offset.",Ministry of Home Affairs,SRC049,"Ministry of Home Affairs, Government of Nepal",https://moha.gov.np,Government,Medium,Other
MIS025,Miscellaneous,Calendar & Time,Nepal officially celebrates its New Year holiday according to which calendar system?,नेपालले आफ्नो नयाँ वर्षको बिदा आधिकारिक रूपमा कुन पात्रो प्रणाली अनुसार मनाउँछ?,Bikram Sambat calendar,विक्रम सम्वत् पात्रो,"The official New Year holiday follows the Bikram Sambat calendar, observed on Baisakh 1.",Ministry of Home Affairs,SRC049,"Ministry of Home Affairs, Government of Nepal",https://moha.gov.np,Government,Easy,Other
MIS026,Miscellaneous,Sports,In which international multi-sport event does Nepal regularly compete alongside other South Asian nations?,अन्य दक्षिण एसियाली राष्ट्रहरूसँगै नेपालले नियमित रूपमा भाग लिने अन्तर्राष्ट्रिय बहु-खेल आयोजना कुन हो?,South Asian Games (SAG),दक्षिण एसियाली खेलकुद (साग),Nepal regularly participates in the South Asian Games alongside other SAARC nations.,Nepal Olympic Committee,SRC052,Nepal Olympic Committee,,Government,Easy,Event
MIS027,Miscellaneous,Sports,In which year did Nepal first participate in the Olympic Games?,नेपालले पहिलोपटक ओलम्पिक खेलकुदमा कुन सालमा सहभागिता जनाएको थियो?,1964 (Tokyo),सन् १९६४ (टोकियो),Nepal made its Olympic debut at the 1964 Tokyo Games.,Nepal Olympic Committee,SRC052,Nepal Olympic Committee,,Government,Hard,Date/Year
MIS028,Miscellaneous,Sports,Nepali Olympic athletes have historically competed most often in which individual/combat sport category?,नेपाली ओलम्पिक खेलाडीहरूले ऐतिहासिक रूपमा कुन व्यक्तिगत/मुक्केबाजी-प्रकारको खेल श्रेणीमा बढी सहभागिता जनाएका छन्?,Taekwondo and boxing (among individual combat sports),तेक्वान्दो र बक्सिङ (व्यक्तिगत मुक्केबाजी खेलहरू मध्ये),Nepali Olympic entries have frequently come from combat and athletics disciplines; verify against current NOC records.,Nepal Olympic Committee,SRC052,Nepal Olympic Committee,,Government,Hard,Other
MIS033,Miscellaneous,Sports,What is the governing body for cricket in Nepal?,नेपालमा क्रिकेटको नियमन गर्ने निकाय कुन हो?,Cricket Association of Nepal (CAN),क्रिकेट संघ नेपाल (क्यान),CAN governs and organizes cricket activities and the national team in Nepal.,Cricket Association of Nepal,SRC053,Cricket Association of Nepal (CAN),https://www.cricketassociationofnepal.org.np,Other,Medium,Organization
MIS034,Miscellaneous,Sports,Nepal's national football team competes in tournaments organized under which continental football confederation?,नेपालको राष्ट्रिय फुटबल टोली कुन महाद्वीपीय फुटबल महासंघ अन्तर्गत आयोजित प्रतियोगितामा प्रतिस्पर्धा गर्दछ?,Asian Football Confederation (AFC),एसियाली फुटबल महासंघ (एएफसी),Nepal's national football team falls under the AFC's regional football structure.,All Nepal Football Association,SRC054,All Nepal Football Association (ANFA),https://www.anfa.com.np,Other,Medium,Organization
MIS035,Miscellaneous,Sports,"What is the name of Nepal's largest multi-purpose sports stadium, located in Kathmandu?",काठमाडौंमा अवस्थित नेपालको सबैभन्दा ठूलो बहुउद्देश्यीय खेलकुद रंगशालाको नाम के हो?,Dasharath Rangasala Stadium,दशरथ रंगशाला,"Dasharath Rangasala is Nepal's principal national stadium, hosting major football and athletic events.",Ministry of Youth and Sports,SRC048,"Ministry of Youth and Sports, Government of Nepal",https://moys.gov.np,Government,Medium,Place
MIS036,Miscellaneous,UNESCO & Records,How many UNESCO World Heritage Sites does Nepal currently have?,नेपालमा हाल कति युनेस्को विश्व सम्पदा स्थलहरू छन्?,Four,चार,"Nepal's four UNESCO World Heritage Sites are Kathmandu Valley, Lumbini, Chitwan National Park, and Sagarmatha National Park.",UNESCO,SRC055,UNESCO World Heritage Convention,https://whc.unesco.org,International Organization,Medium,Number
MIS037,Miscellaneous,UNESCO & Records,Which UNESCO World Heritage Site in Nepal is recognized as the birthplace of Gautam Buddha?,नेपालको कुन युनेस्को विश्व सम्पदा स्थललाई गौतम बुद्धको जन्मस्थलको रूपमा मान्यता दिइएको छ?,Lumbini,लुम्बिनी,Lumbini is internationally recognized as the birthplace of Gautam Buddha.,UNESCO,SRC055,UNESCO World Heritage Convention,https://whc.unesco.org,International Organization,Easy,Place
MIS046,Miscellaneous,Notable Events & Firsts,Who were the first two climbers to summit Mount Everest?,सगरमाथा आरोहण गर्ने पहिलो दुई आरोहीहरू को थिए?,Edmund Hillary and Tenzing Norgay,एडमन्ड हिलारी र तेन्जिङ नोर्गे,Hillary and Tenzing Norgay achieved the first confirmed summit of Mount Everest.,Department of Tourism,SRC023,"Department of Tourism, Government of Nepal",https://www.tourism.gov.np,Government,Easy,Person
MIS047,Miscellaneous,Notable Events & Firsts,In which year did Hillary and Tenzing Norgay first summit Mount Everest?,हिलारी र तेन्जिङ नोर्गेले कुन सालमा पहिलोपटक सगरमाथा आरोहण गरेका थिए?,1953,सन् १९५३,"This historic first ascent occurred on May 29, 1953.",Department of Tourism,SRC023,"Department of Tourism, Government of Nepal",https://www.tourism.gov.np,Government,Medium,Date/Year
MIS048,Miscellaneous,Notable Events & Firsts,In which year did Nepal transition from a monarchy to a federal democratic republic?,नेपाल राजतन्त्रबाट संघीय लोकतान्त्रिक गणतन्त्रमा कुन सालमा रूपान्तरण भयो?,2008,सन् २००८,"Nepal was declared a federal democratic republic in 2008, abolishing the monarchy.",Constitution of Nepal,SRC046,"Constitution of Nepal, 2015 (via Nepal Law Commission)",https://www.lawcommission.gov.np,Government,Medium,Date/Year
MIS049,Miscellaneous,Notable Events & Firsts,In which year was Nepal's current constitution promulgated?,नेपालको हालको संविधान कुन सालमा जारी गरिएको थियो?,2015,सन् २०१५,Nepal's current constitution was promulgated in September 2015.,Constitution of Nepal,SRC046,"Constitution of Nepal, 2015 (via Nepal Law Commission)",https://www.lawcommission.gov.np,Government,Easy,Date/Year
MIS055,Miscellaneous,Notable Events & Firsts,"What roughly decade-long armed conflict, ending in 2006, significantly affected Nepal's political landscape?",सन् २००६ मा अन्त्य भएको लगभग एक दशकसम्म चलेको कुन सशस्त्र द्वन्द्वले नेपालको राजनीतिक परिदृश्यलाई उल्लेख्य रूपमा प्रभावित पार्‍यो?,Nepalese Civil War (Maoist insurgency),नेपाली गृहयुद्ध (माओवादी सशस्त्र द्वन्द्व),This conflict lasted from 1996 to 2006 and reshaped Nepal's political trajectory.,Ministry of Home Affairs,SRC049,"Ministry of Home Affairs, Government of Nepal",https://moha.gov.np,Government,Medium,Event
MIS056,Miscellaneous,Culture & Society,"Approximately how many languages are spoken across Nepal, according to national census data?",राष्ट्रिय जनगणना तथ्याङ्क अनुसार नेपालभर लगभग कति भाषाहरू बोलिन्छन्?,Over 120 languages,१२० भन्दा बढी भाषाहरू,Nepal's census records well over one hundred distinct languages spoken across its population.,National Statistics Office,SRC008,"National Statistics Office, Government of Nepal",https://nsonepal.gov.np,Government,Medium,Number
MIS057,Miscellaneous,Culture & Society,What is the official language of Nepal used for government administration?,नेपालको सरकारी प्रशासनमा प्रयोग हुने आधिकारिक भाषा के हो?,Nepali,नेपाली,Nepali is the official language used for national government administration.,Constitution of Nepal,SRC046,"Constitution of Nepal, 2015 (via Nepal Law Commission)",https://www.lawcommission.gov.np,Government,Easy,Other
MIS058,Miscellaneous,Culture & Society,"Nepal is often described as a multi-ethnic, multi-lingual, and what other type of society, reflecting its many faith traditions?","नेपाललाई प्रायः बहु-जातीय, बहु-भाषिक, र यसका विभिन्न धार्मिक परम्पराहरूलाई झल्काउने अर्को कस्तो समाजको रूपमा वर्णन गरिन्छ?",Multi-religious,बहु-धार्मिक,Nepal is home to multiple major religions practiced across its diverse population.,National Statistics Office,SRC008,"National Statistics Office, Government of Nepal",https://nsonepal.gov.np,Government,Easy,Other
MIS059,Miscellaneous,Culture & Society,Which two religions are practiced by the largest proportions of Nepal's population?,नेपालको जनसंख्याको सबैभन्दा ठूलो हिस्साले कुन दुई धर्म अभ्यास गर्दछ?,Hinduism and Buddhism,हिन्दू धर्म र बौद्ध धर्म,"Hinduism and Buddhism are practiced by the largest shares of Nepal's population, respectively.",National Statistics Office,SRC008,"National Statistics Office, Government of Nepal",https://nsonepal.gov.np,Government,Easy,Other
MIS060,Miscellaneous,Culture & Society,In which script is the Nepali language traditionally written?,नेपाली भाषा परम्परागत रूपमा कुन लिपिमा लेखिन्छ?,Devanagari script,देवनागरी लिपि,"Nepali is written using the Devanagari script, shared with several other South Asian languages.",National Statistics Office,SRC008,"National Statistics Office, Government of Nepal",https://nsonepal.gov.np,Government,Easy,Other